id_cliente,ingreso_mensual,total_gastos,total_costos,total_activos,total_deudas,num_deudas,excedente,capacidad_pago,endeudamiento_patrimonial,capital_trabajo,monto_solicitado,tem,num_cuotas,cuota_estimada,monto_propuesto,mora_diaria,resultado_aprobado,resultado_rechazado,resultado_riesgo_medio
292,38574.78,34904.59,28405.58,49919.33,16954.63,1,1894.49,1.5388,0.5349,25736.00,29367.10,0.0490,24,1231.14,27017.73,37.55,0,0,1
449,9461.99,9631.22,5440.88,110488.94,31428.33,2,-3542.01,-1.1399,0.4510,55507.00,37177.21,0.0450,12,3107.17,33087.72,2.01,0,0,1
199,29600.37,11867.62,9768.12,2502.21,49896.49,2,17012.05,19.6992,0.5429,15388.00,20620.41,0.0410,24,863.59,18558.37,19.70,1,0,0
560,12255.25,12936.77,7989.55,131747.69,13669.55,1,-2629.84,-3.6773,0.2549,71194.00,25480.78,0.0560,36,715.16,21149.05,31.27,0,0,1
619,12481.32,8249.11,4538.48,60090.98,69051.54,4,3194.01,5.2235,0.3976,41720.00,21875.20,0.0340,36,611.47,19250.18,15.42,1,0,0
160,42898.16,32640.27,29754.55,91813.74,9934.49,2,8450.35,5.8540,0.4552,35219.00,25835.80,0.0600,18,1443.52,19376.85,48.16,1,0,0
493,14365.35,11620.90,7900.94,18347.65,23129.09,3,-274.34,-0.1226,2.4943,-38626.00,26775.53,0.0460,12,2237.97,22491.45,7.34,0,1,0
226,2195.44,5591.28,987.95,81811.91,0.00,0,-3395.84,-1.0903,0.0000,159651.00,37317.98,0.0230,12,3114.48,28734.84,31.97,1,0,0
8,27164.65,12027.37,6519.52,74731.30,32859.68,3,11455.20,17.8547,0.4490,73433.00,22994.65,0.0240,36,641.58,19085.56,19.76,1,0,0
541,27560.85,18931.46,13730.03,81570.01,25587.38,1,7936.48,36.5013,0.4097,33278.00,7777.16,0.0350,36,217.43,6921.67,38.92,1,0,0
113,27909.47,10487.89,5581.89,92686.06,56079.14,4,15505.59,141.3841,0.6606,22586.00,1313.83,0.0260,12,109.67,1195.59,12.57,1,0,0
282,26438.30,16488.20,11672.39,86582.76,57717.41,3,6469.92,4.0149,0.6992,25898.00,38530.84,0.0300,24,1611.48,36218.99,0.82,1,0,0
65,43365.80,20148.52,14798.18,103368.69,9077.86,2,21323.02,7.6027,0.6181,27476.00,33551.40,0.0480,12,2804.68,27847.66,2.97,1,0,0
56,49190.23,15834.33,11805.66,95616.99,39684.37,3,30284.25,30.6152,0.6265,34039.00,35303.12,0.0470,36,989.19,27183.40,4.46,1,0,0
176,6092.77,5288.01,2193.40,30631.54,15187.13,1,614.56,0.2857,0.0363,84088.00,25710.32,0.0600,12,2150.89,23139.29,14.53,1,0,0
616,37631.91,18323.99,14300.13,149845.64,0.00,0,19307.92,8.5096,0.0000,129526.00,40748.39,0.0240,18,2268.96,28523.87,2.29,1,0,0
275,42066.69,22053.06,18509.34,179718.36,0.00,0,20013.63,27.6512,0.0000,132366.00,12968.97,0.0480,18,723.79,10893.93,31.93,1,0,0
540,25280.82,14557.31,11629.18,162694.99,0.00,0,10723.51,4.3372,0.0000,132699.00,44368.69,0.0320,18,2472.43,34607.58,47.78,1,0,0
157,19985.94,11107.46,6843.94,54269.61,75012.58,4,6752.62,11.5742,4.3478,-53427.00,13941.01,0.0350,24,583.42,10455.76,21.69,0,0,1
440,15848.25,12024.04,8723.23,122192.03,54840.76,3,339.99,4.8315,0.4081,81992.00,1679.32,0.0450,24,70.37,1259.49,30.25,1,0,0
188,29417.27,19313.01,16780.22,196480.18,56754.92,4,6044.13,19.1215,0.4346,100235.00,7540.95,0.0480,24,316.09,5957.35,37.73,1,0,0
253,29655.39,16798.48,10972.49,83965.45,47544.99,3,11091.29,2.9374,0.5332,37413.00,45133.75,0.0600,12,3775.83,45133.75,6.84,1,0,0
562,17291.18,18418.80,14497.70,59565.41,0.00,0,-1127.62,-0.5631,0.0000,21500.00,12000.45,0.0350,6,2002.53,11160.42,2.74,1,0,0
269,41751.85,34633.61,30028.77,16674.85,43305.83,2,6613.75,0.9627,4.9449,-9815.00,41153.58,0.0450,6,6869.74,38684.37,31.02,0,1,0
301,19577.62,21112.80,18219.58,96793.35,69476.39,3,-4430.71,-3.4700,0.5115,55280.00,7648.85,0.0460,6,1276.86,7495.87,43.09,0,0,1
157,11287.01,7961.11,5907.01,91208.73,35970.10,3,1521.93,0.7444,0.3790,89902.00,36720.75,0.0230,18,2044.50,29376.60,29.10,1,0,0
343,23145.33,15293.42,10424.17,169129.38,634.51,1,7620.19,8.6440,0.0585,124224.00,31607.26,0.0220,36,881.56,24969.74,18.53,1,0,0
419,29085.96,16077.81,13928.53,132525.89,0.00,0,13008.15,49.0596,0.0000,118673.00,4762.75,0.0220,18,265.15,4286.48,1.29,1,0,0
112,28056.36,12914.71,10024.26,147039.27,77809.13,4,12201.96,13.5526,0.6399,37328.00,32126.22,0.0480,36,900.34,22488.35,20.92,1,0,0
254,47137.57,29060.67,26371.58,47288.33,18891.48,2,16645.93,44.0182,0.4981,37149.00,9011.55,0.0570,24,378.16,6848.78,26.91,1,0,0
4,21803.38,10039.36,5886.91,183548.97,0.00,0,11764.02,10.2178,0.0000,201645.00,27429.13,0.0590,24,1151.33,22217.60,22.91,1,0,0
129,41143.41,33214.15,29391.78,16480.81,32962.49,2,7137.54,3.5653,0.6000,14386.00,11998.56,0.0310,6,2001.93,11278.65,44.80,1,0,0
128,29339.83,22823.47,17874.01,145773.80,81806.24,4,2244.15,12.3631,0.5060,58295.00,2173.29,0.0350,12,181.52,1673.43,4.08,1,0,0
64,15467.39,15638.54,11048.28,49293.51,23149.36,2,-1998.35,-1.7753,0.5945,35261.00,6740.06,0.0580,6,1125.62,4785.44,3.12,0,0,1
71,4905.45,5685.74,4584.70,109322.53,69904.58,4,-3926.26,-0.8102,0.9426,4847.00,29043.18,0.0310,6,4845.78,21201.52,44.30,0,1,0
280,14135.88,10191.63,5667.41,46142.05,53531.18,4,2388.45,5.2672,1.5086,-13865.00,8133.64,0.0370,18,453.46,6425.58,20.11,0,0,1
311,24898.55,24346.36,18608.93,28921.19,25829.79,2,-107.85,-0.1344,0.6507,16773.00,28717.29,0.0310,36,802.29,21825.14,4.97,0,0,1
311,22021.24,14170.11,10774.48,56822.47,48171.86,3,4838.67,0.6007,0.9963,188.00,48272.76,0.0360,6,8055.60,41997.30,29.21,0,0,1
281,47659.30,23528.32,19152.18,123813.78,40414.61,4,18501.50,27.7297,1.3131,-23544.00,23851.36,0.0380,36,667.21,22897.31,43.49,0,0,1
388,21073.78,17672.85,12099.19,163772.28,75845.62,4,-1313.99,-1.3646,0.6534,41568.00,5768.65,0.0430,6,962.89,4211.11,39.49,0,1,0
277,1295.52,15686.16,10976.83,38454.19,28281.63,1,-14544.29,-10.1008,0.0229,93722.00,17215.11,0.0570,12,1439.91,13772.09,35.57,0,0,1
303,25408.66,16911.80,13335.01,5556.38,45147.96,4,5838.90,5.3608,0.8218,11677.00,38814.51,0.0550,36,1089.19,27558.30,9.71,1,0,0
497,23307.14,17433.92,12860.47,121837.58,0.00,0,5873.22,36.1362,0.0000,130262.00,5810.14,0.0380,36,162.53,4067.10,49.32,1,0,0
146,12893.20,5755.79,3481.16,116799.12,28983.18,3,3548.89,78.7243,0.7522,25575.00,809.06,0.0300,18,45.08,800.97,20.67,1,0,0
574,39582.50,19338.63,15448.33,138769.50,0.00,0,20243.87,20.2777,0.0000,140745.00,17891.62,0.0460,18,998.33,12881.97,1.10,1,0,0
66,23349.73,21772.78,17839.53,63892.15,0.00,0,1576.95,1.6349,0.0000,25789.00,5784.47,0.0150,6,964.58,5437.40,40.85,1,0,0
280,27078.29,14451.80,11524.47,96098.53,16534.35,2,10529.88,1.4508,0.1850,149630.00,43514.94,0.0220,6,7258.08,33941.65,8.99,1,0,0
125,3542.04,9511.58,6037.11,11305.68,34326.30,3,-7880.66,-2.8863,2.2578,-33195.00,49076.78,0.0150,18,2730.37,43187.57,15.05,0,1,0
35,43857.96,30276.59,26314.78,73840.16,23710.26,3,13234.32,6.3714,0.1341,94388.00,49596.87,0.0410,24,2077.14,42653.31,4.00,1,0,0
566,11850.61,8735.96,6218.68,65836.74,42210.04,4,1431.08,3.5364,4.7883,-28321.00,9643.16,0.0570,24,404.67,7232.37,18.95,0,0,1
26,46842.56,34754.50,29123.65,30088.89,0.00,0,12088.06,7.0424,0.0000,13719.00,20530.78,0.0500,12,1716.46,15398.09,28.09,1,0,0
487,44257.29,15085.75,10824.68,45705.45,64162.36,4,27532.92,33.7401,0.6087,22039.00,14656.51,0.0230,18,816.03,14216.81,48.90,1,0,0
613,26325.43,25623.65,19488.42,182016.51,0.00,0,701.78,0.5763,0.0000,126240.00,43634.63,0.0250,36,1217.69,35344.05,32.02,1,0,0
551,41101.72,27376.55,24443.09,114378.08,50398.45,3,11542.50,7.5313,0.3351,103900.00,9188.60,0.0220,6,1532.61,8821.06,11.19,1,0,0
314,8992.93,6603.93,1798.59,68167.66,8647.02,1,1953.55,2.0180,0.0944,83584.00,23117.11,0.0400,24,968.04,18724.86,34.39,1,0,0
136,27971.54,19203.32,13130.74,134734.54,37798.10,2,7604.84,9.2254,0.2506,84585.00,29588.71,0.0160,36,824.34,22783.31,47.48,1,0,0
72,46864.13,18281.44,13744.54,127687.72,0.00,0,28582.69,131.0591,0.0000,129373.00,7812.00,0.0270,36,218.09,6015.24,34.24,1,0,0
424,27365.33,10028.15,6567.68,139408.79,60596.84,4,15752.24,21.0411,0.6778,22659.00,13434.63,0.0320,18,748.64,11822.47,47.71,1,0,0
480,32630.94,22967.54,16755.41,76657.49,24097.37,2,7634.42,24.7581,0.6762,14893.00,7367.37,0.0360,24,308.36,5230.83,14.48,1,0,0
512,6691.46,10572.88,4996.70,22759.66,22593.70,1,-4449.34,-0.6801,1.4028,-4077.00,39172.83,0.0600,6,6542.52,34080.36,16.32,0,1,0
557,40418.54,12653.83,9183.46,148525.05,74579.07,3,26553.78,17.0586,0.2369,87731.00,27891.72,0.0480,18,1556.62,22871.21,9.56,1,0,0
593,31142.60,19594.09,17469.07,23792.35,37601.83,3,10457.51,46.2006,2.0815,-18345.00,1355.58,0.0530,6,226.35,1355.58,22.95,0,0,1
226,6004.12,11590.42,7389.30,148265.27,67406.96,4,-8096.43,-1.1109,0.6545,34737.00,43649.02,0.0530,6,7288.34,33173.26,38.87,0,1,0
154,48086.87,38734.30,34039.41,35708.22,20993.08,1,8751.65,14.0530,0.1843,66488.00,14864.35,0.0440,24,622.76,14121.13,18.48,1,0,0
336,3883.66,12152.01,7268.34,117140.28,27284.02,1,-9045.05,-4.9329,0.1047,110748.00,32854.86,0.0480,18,1833.60,24969.69,25.25,0,0,1
298,29142.81,24525.95,20760.79,115159.03,21245.57,1,4336.38,2.8839,0.0376,89790.00,26953.22,0.0440,18,1503.67,19675.85,6.94,1,0,0
585,14404.04,9710.72,4897.37,60790.70,83941.44,4,2949.74,1.7682,3.9988,-32654.00,39789.18,0.0500,24,1668.26,31831.34,19.49,0,0,1
281,33213.45,14947.12,9973.22,4726.74,61246.72,4,15790.98,3.4933,12.4342,-48984.00,27072.74,0.0520,6,4520.34,22470.37,47.94,0,1,0
448,28530.34,22220.84,17090.85,29268.40,59455.18,3,2265.69,4.7091,1.7705,-32704.00,11478.16,0.0480,24,481.13,9756.44,7.67,1,0,0
264,40923.39,27503.85,20453.89,27671.52,50606.53,3,9606.75,120.2949,2.5756,-45403.00,955.48,0.0460,12,79.86,926.82,10.90,0,0,1
21,18129.89,14240.69,9495.48,43654.11,56816.13,4,1365.20,0.9062,1.2426,-16844.00,35970.58,0.0410,24,1506.47,35970.58,26.26,0,1,0
327,43363.84,31340.48,28282.39,91703.56,49903.49,4,9602.97,10.7265,0.3871,71683.00,21368.46,0.0440,24,895.26,19872.67,34.45,1,0,0
534,36416.26,16203.22,11899.58,92373.55,73402.28,4,17674.52,47.8414,0.5183,46109.00,13201.95,0.0400,36,369.44,10033.48,46.46,1,0,0
533,30445.27,15229.36,11873.66,114409.82,61383.96,4,12067.23,18.4743,0.8565,10537.00,23432.32,0.0190,36,653.19,19683.15,31.05,1,0,0
129,36182.19,22173.49,17005.63,57936.16,43170.86,2,11226.82,5.9097,0.6650,27674.00,22762.81,0.0230,12,1899.74,20941.79,24.38,1,0,0
27,8099.72,11442.84,7291.02,83480.88,0.00,0,-3343.12,-5.8205,0.0000,85984.00,20510.01,0.0440,36,574.37,15587.61,31.23,0,0,1
452,31001.78,9680.76,6510.37,28333.81,0.00,0,21321.02,15.7491,0.0000,57399.00,24303.56,0.0280,18,1353.79,19685.88,16.56,1,0,0
20,23692.26,14655.73,12811.58,40580.80,24111.00,2,8797.00,5.8224,0.0620,78873.00,36008.67,0.0560,24,1510.89,25926.24,21.76,1,0,0
10,11529.45,20111.33,15078.18,80716.87,31498.73,2,-10820.76,-9.7353,0.4340,40504.00,39580.45,0.0590,36,1111.50,35622.41,13.40,0,0,1
288,7749.52,5656.67,1704.89,133451.52,12782.63,1,789.49,1.2927,0.1710,78985.00,10935.28,0.0560,18,610.75,7982.75,29.70,1,0,0
437,48888.89,25876.82,22658.93,143070.31,57548.48,3,21146.53,5.6784,0.3259,92985.00,22305.98,0.0490,6,3724.04,18737.02,31.23,1,0,0
436,19312.08,25726.22,19473.39,76821.40,0.00,0,-6414.14,-1.9461,0.0000,74528.00,39403.70,0.0570,12,3295.82,28370.66,49.39,0,0,1
360,40815.82,33621.76,31166.10,71654.56,22381.82,4,5303.95,63.5584,0.4330,44524.00,2988.87,0.0280,36,83.45,2630.21,22.92,1,0,0
48,10325.80,12948.94,8212.58,102038.19,18073.61,3,-3471.20,-0.7663,0.1308,103771.00,27153.84,0.0270,6,4529.92,24438.46,15.58,0,0,1
580,21343.34,21795.11,16994.18,125328.66,23975.47,1,-871.59,-0.5223,0.0947,133753.00,39823.57,0.0450,24,1668.67,35841.21,25.05,0,0,1
375,6272.56,13862.96,10918.25,61025.15,24646.97,3,-9059.58,-6.2471,0.3162,120756.00,17348.26,0.0480,12,1450.20,17174.78,32.66,0,1,0
477,46550.77,26103.17,21878.86,182133.03,76023.12,3,18505.32,24.0188,0.2990,70800.00,27527.02,0.0410,36,770.45,20645.27,4.83,1,0,0
426,41871.37,17858.16,13621.85,29694.80,50100.78,4,21365.28,23.6916,3.9489,-40863.00,21530.16,0.0420,24,901.81,15932.32,5.06,1,0,0
345,31497.96,19321.11,17008.90,756.84,9465.97,1,11993.07,125.6082,0.3702,15630.00,1715.29,0.0200,18,95.48,1492.30,45.85,1,0,0
622,4214.28,6599.75,3260.27,122860.68,51678.53,3,-4870.90,-2.4345,0.3411,101658.00,47892.49,0.0210,24,2000.76,43103.24,49.48,0,1,0
370,11736.65,13245.46,7471.78,121721.15,28565.88,2,-3986.64,-4.1469,0.3660,72320.00,34240.08,0.0580,36,961.35,28076.87,1.95,1,0,0
572,1477.26,6639.31,4026.39,113697.19,2780.31,1,-5816.15,-0.8743,0.3404,25351.00,39832.46,0.0590,6,6652.46,37442.51,24.20,0,1,0
92,17692.32,16140.44,10470.66,68848.97,23230.49,2,958.04,0.4340,0.3504,50399.00,39535.54,0.0530,18,2207.49,32023.79,43.29,1,0,0
25,35590.97,20730.17,16947.18,86216.46,10879.33,2,14511.75,223.4640,0.0906,60605.00,2321.44,0.0380,36,64.94,2158.94,34.88,1,0,0
421,49283.67,35401.07,32149.25,64032.44,42166.49,2,13551.40,5.9826,0.8880,2088.00,40564.34,0.0540,18,2265.15,30017.61,44.52,1,0,0
114,12540.35,15567.11,11453.41,30176.42,39097.73,2,-3684.86,-0.4862,0.2123,33194.00,45438.85,0.0190,6,7578.18,42258.13,15.25,0,1,0
617,38565.89,21631.07,17496.45,43996.15,57068.11,3,15913.34,11.2350,1.0467,-1438.00,33794.99,0.0470,24,1416.41,26698.04,27.99,0,0,1
332,45648.39,15828.49,13238.03,17769.66,0.00,0,29819.90,48.0215,0.0000,29512.00,22145.21,0.0510,36,620.97,17937.62,29.93,1,0,0
591,2005.22,6906.99,4937.26,99381.56,8516.54,1,-5494.59,-2.4833,0.2181,106254.00,13253.33,0.0480,6,2212.60,12193.06,33.06,0,0,1
45,47374.55,19750.87,15633.60,67173.76,39971.09,2,25310.62,5.8290,1.0917,-3238.00,26005.64,0.0520,6,4342.17,19244.17,11.56,1,0,0
588,9496.11,8647.81,5300.20,9854.16,2307.37,1,481.49,0.4217,0.3265,25222.00,27261.23,0.0420,24,1141.86,23989.88,2.59,0,0,1
532,26728.39,14429.86,10156.79,132571.72,30196.35,2,10064.64,54.8990,0.2816,91350.00,4386.65,0.0240,24,183.33,3465.45,39.61,1,0,0
5,38983.78,12981.75,8001.08,99145.68,27080.77,1,25531.78,18.9131,0.0993,85349.00,32257.41,0.0350,24,1349.95,24193.06,45.86,1,0,0
276,32654.37,21133.13,16000.64,120637.60,43457.10,2,10360.96,8.7870,0.2960,103206.00,14111.77,0.0410,12,1179.12,11430.53,35.51,1,0,0
329,12427.74,6867.11,3852.60,53608.74,27185.24,4,1414.82,0.7955,1.1532,-9745.00,42505.26,0.0340,24,1778.59,38254.73,33.33,0,1,0
566,45542.54,26847.24,21776.37,63860.12,0.00,0,18695.30,11.0055,0.0000,121869.00,20322.67,0.0470,12,1698.73,16461.36,48.00,1,0,0
115,25525.59,17594.55,12507.54,17627.89,71005.82,4,5273.38,5.3183,7.1329,-45782.00,35315.88,0.0580,36,991.56,34609.56,42.57,0,0,1
22,26397.00,18190.09,16176.16,189115.75,4252.28,1,5864.83,48.2901,0.1835,130270.00,4352.19,0.0250,36,121.45,4134.58,18.54,1,0,0
127,31833.16,26160.88,21449.33,103768.83,18990.71,3,4722.02,4.9502,0.2599,87033.00,22782.40,0.0390,24,953.90,16631.15,4.12,1,0,0
353,1123.01,4762.23,1414.40,147217.51,67308.48,3,-5603.78,-9.3441,0.7970,14486.00,14365.99,0.0150,24,599.71,12785.73,16.04,0,1,0
611,24698.74,9644.05,6421.67,94475.03,24053.20,1,14350.85,12.3848,0.0860,93489.00,41545.60,0.0220,36,1158.75,29497.38,19.11,1,0,0
13,8156.72,5615.21,2596.78,63041.54,0.00,0,2541.51,1.1057,0.0000,81668.00,41262.66,0.0280,18,2298.47,38786.90,3.42,1,0,0
518,19482.58,9994.25,7867.02,17848.97,16212.92,1,8557.73,5.4234,0.4613,18109.00,37775.83,0.0200,24,1577.93,35887.04,34.91,1,0,0
495,3275.75,14740.55,10234.71,45352.98,0.00,0,-11464.80,-14.0728,0.0000,103346.00,29096.50,0.0430,36,814.68,22113.34,32.57,1,0,0
240,11664.03,9218.66,5003.53,45436.93,7669.18,1,1370.45,0.2737,1.6772,-6200.00,29993.24,0.0510,6,5007.80,21895.07,26.70,0,1,0
125,34232.24,21068.37,16883.94,56563.75,20692.05,1,12708.95,1.5372,0.2017,60009.00,49502.87,0.0600,6,8267.81,44552.58,29.93,1,0,0
613,31728.29,13706.73,10837.39,143975.65,74747.43,3,14804.14,96.3247,0.5776,49990.00,3673.83,0.0320,24,153.69,3563.62,8.00,1,0,0
120,42382.23,19837.60,17738.70,120455.41,56509.93,3,20230.73,68.6719,0.5233,60919.00,10504.09,0.0520,36,294.60,9558.72,1.40,1,0,0
162,46303.09,26925.88,20942.65,88047.21,60334.08,4,15723.39,50.7288,0.9875,1188.00,7413.69,0.0270,24,309.95,5634.40,26.46,0,0,1
592,40116.57,30107.07,27083.10,52731.41,0.00,0,10009.50,43.1611,0.0000,132114.00,8287.33,0.0400,36,231.91,7790.09,27.69,1,0,0
75,8472.05,7543.07,4358.97,37251.39,50030.54,4,-137.94,-0.0485,1.7484,-21781.00,33979.76,0.0570,12,2842.15,26844.01,2.39,0,1,0
498,30497.99,19110.87,17383.85,166478.44,26903.60,3,9680.84,3.6752,0.3690,67312.00,47153.28,0.0580,18,2634.08,44795.62,45.60,1,0,0
398,9825.21,13904.31,9129.83,63743.00,1638.39,1,-4716.38,-6.1307,0.2287,53736.00,9220.17,0.0190,12,769.30,7007.33,49.18,0,0,1
364,36643.80,22355.66,16632.59,83994.24,11044.89,1,13699.93,7.8316,0.0936,81409.00,10477.51,0.0500,6,1749.31,7858.13,19.98,1,0,0
329,8523.04,6155.49,2130.76,48075.51,0.00,0,2367.55,1.0209,0.0000,70104.00,13890.54,0.0490,6,2319.06,12779.30,14.89,1,0,0
266,37386.41,12807.85,9720.47,104435.92,42789.15,4,21455.06,97.7986,0.5216,54447.00,3931.25,0.0470,18,219.38,3184.31,42.51,1,0,0
170,27316.45,23887.08,19318.09,87051.63,62897.55,3,879.71,0.1241,0.4245,75126.00,42516.24,0.0190,6,7090.75,32737.50,18.80,0,1,0
118,6073.11,6494.24,2854.36,137333.69,2629.15,1,-2386.17,-1.3125,0.1125,193831.00,43334.97,0.0550,24,1818.06,41601.57,10.86,1,0,0
145,15612.52,18934.55,16370.26,77195.90,19779.67,4,-5719.43,-1.3872,1.0487,-2479.00,24699.82,0.0440,6,4122.98,20500.85,4.60,0,1,0
129,9005.63,7775.48,3332.08,49331.65,24932.48,1,983.15,2.0856,0.2292,16614.00,16789.23,0.0580,36,471.39,14270.85,0.18,1,0,0
90,42041.73,16430.03,12065.79,17893.38,5031.58,1,25146.13,6.1434,0.2170,55985.00,48975.11,0.0450,12,4093.21,43587.85,10.26,1,0,0
16,23390.52,15940.51,11159.09,105514.43,52831.95,4,4597.04,4.1762,0.5455,39479.00,39452.25,0.0240,36,1100.77,30772.76,38.72,1,0,0
217,7219.35,10448.49,7648.33,70664.80,70457.95,3,-5189.20,-1.5417,0.5473,27877.00,20167.76,0.0400,6,3366.00,17949.31,34.59,0,0,1
140,4926.56,8212.41,2167.69,117672.96,0.00,0,-3285.85,-2.8171,0.0000,107868.00,27808.54,0.0530,24,1166.38,19465.98,47.86,1,0,0
7,30604.78,15609.45,10711.67,19143.91,48806.21,4,11572.85,7.4371,2.3095,-38570.00,27956.45,0.0200,18,1556.09,22085.60,8.11,1,0,0
364,14778.78,13446.74,8007.61,104819.31,0.00,0,1332.04,1.0315,0.0000,108400.00,23159.60,0.0390,18,1291.42,18296.08,4.01,1,0,0
258,36379.66,30325.25,24932.28,15079.53,65486.21,4,3565.84,0.4403,1.4276,-15332.00,48560.84,0.0210,6,8099.42,41276.71,9.44,0,1,0
561,42669.72,32056.95,28038.69,6394.61,34616.57,3,9548.37,9.8782,0.4296,33614.00,34433.77,0.0570,36,966.61,29613.04,42.26,1,0,0
4,14077.63,13495.96,10172.65,38677.35,19251.94,3,-647.97,-0.5114,0.4795,32896.00,45490.26,0.0150,36,1267.13,33207.89,9.23,0,1,0
104,44221.34,31061.34,29389.33,91653.36,39694.88,4,10915.32,4.1516,0.4602,65176.00,47167.93,0.0350,18,2629.16,43866.17,15.82,1,0,0
451,17909.12,17364.15,13583.64,152122.27,25644.09,1,16.99,0.0076,0.2346,86131.00,26701.92,0.0160,12,2227.47,22162.59,28.14,1,0,0
217,33504.19,17854.97,14865.04,112178.04,90919.52,4,12221.37,12.7954,0.3740,92915.00,17150.18,0.0260,18,955.14,14234.65,35.28,1,0,0
501,39435.04,18316.50,16714.10,183804.88,9348.72,1,20736.84,20.6138,0.0593,121071.00,6030.11,0.0270,6,1005.97,5788.91,6.28,1,0,0
335,43686.35,41266.94,35999.42,64038.06,49936.12,4,-3391.15,-1.8709,2.5850,-55000.00,43376.20,0.0230,24,1812.54,42508.68,43.31,0,1,0
454,24832.61,21282.43,17657.64,78359.82,8715.44,1,2513.48,0.8371,0.1801,67400.00,17993.50,0.0350,6,3002.59,15114.54,44.90,1,0,0
145,2390.51,12050.39,7320.61,43495.96,47067.69,3,-10695.12,-14.3738,0.8528,4964.00,26535.53,0.0510,36,744.07,20697.71,47.30,0,1,0
134,3004.76,9648.65,4371.13,144201.68,64470.49,4,-8654.74,-4.5678,0.2512,112323.00,22686.48,0.0340,12,1894.72,21098.43,39.07,0,0,1
10,3237.25,12315.01,9121.68,28881.35,43964.11,4,-11584.93,-5.4859,0.8257,13003.00,37824.33,0.0520,18,2111.75,29124.73,26.89,0,1,0
581,17981.66,16244.30,10437.23,168574.56,46055.33,2,1165.04,0.1651,0.2303,92291.00,42286.91,0.0320,6,7055.71,33829.53,39.02,1,0,0
320,19682.37,14206.21,11840.31,110225.23,0.00,0,5476.16,3.6207,0.0000,185964.00,18085.92,0.0540,12,1512.46,13202.72,35.40,1,0,0
226,17267.06,9546.21,7136.45,8858.32,66242.09,3,2884.74,19.6227,2.3412,-40006.00,1759.63,0.0390,12,147.01,1566.07,17.17,0,0,1
456,17048.18,8034.98,4551.09,154827.02,0.00,0,9013.20,34.8970,0.0000,128690.00,9251.67,0.0270,36,258.28,7863.92,24.37,1,0,0
348,45724.40,36907.44,34624.14,17145.17,5225.60,1,8363.71,7.0326,0.3249,18836.00,28432.10,0.0310,24,1189.27,25304.57,23.29,0,0,1
615,4662.72,5426.61,1771.83,37324.52,34990.88,2,-2261.18,-6.6250,0.9059,4076.00,2044.09,0.0530,6,341.31,1880.56,26.59,0,0,1
530,9672.85,15022.36,9002.05,82133.79,54679.94,3,-8098.97,-7.7283,0.5339,40627.00,25060.07,0.0290,24,1047.96,19546.85,49.65,0,0,1
288,36049.75,13067.35,8651.94,118454.52,0.00,0,22982.40,35.5638,0.0000,112738.00,7728.15,0.0530,12,646.23,5718.83,34.28,1,0,0
359,30177.72,26217.27,20573.69,96787.09,0.00,0,3960.45,2.8692,0.0000,130006.00,33012.82,0.0280,24,1380.35,31032.05,27.22,1,0,0
224,42411.73,26773.21,21675.58,28679.36,55519.35,4,12602.77,91.0079,1.1072,-7171.00,3314.86,0.0210,24,138.48,2751.33,25.70,0,0,1
444,6877.91,7330.77,4359.67,27066.95,22074.25,1,-506.14,-32.7387,0.0593,10570.00,550.89,0.0570,36,15.46,462.75,17.40,0,0,1
480,38593.69,18528.31,13616.12,110109.29,5184.61,1,18729.78,3.2778,0.1808,100832.00,34227.71,0.0480,6,5714.21,23959.40,1.12,1,0,0
443,15235.82,14496.61,11301.05,31557.96,32944.72,2,-2854.73,-13.0109,2.2133,-27909.00,7837.73,0.0420,36,219.41,6583.69,24.91,0,1,0
85,16673.11,18949.35,14530.68,40955.69,45295.30,3,-4663.54,-4.6985,0.7531,17731.00,17786.40,0.0470,18,992.55,14584.85,17.95,0,1,0
123,9146.56,6836.97,4115.95,133299.11,37767.26,3,-1564.28,-1.0708,0.4251,77213.00,34841.62,0.0500,24,1460.82,27873.30,41.22,0,0,1
259,34563.30,14103.48,9677.72,10998.36,30345.39,3,16792.37,15.7314,1.3619,-14626.00,25459.12,0.0500,24,1067.44,23167.80,13.64,0,0,1
143,36001.57,23916.26,19873.36,82873.73,45268.13,4,9756.89,7.5982,0.5493,61099.00,46039.80,0.0220,36,1284.10,37292.24,11.96,1,0,0
530,3612.48,7986.54,1733.99,55845.80,0.00,0,-4374.06,-1.0277,0.0000,59913.00,25513.09,0.0270,6,4256.20,20155.34,28.83,1,0,0
612,35434.42,23886.85,20613.13,30846.41,32054.16,4,9779.34,8.0885,18.4000,-56637.00,43101.42,0.0530,36,1209.04,34050.12,3.97,0,0,1
173,10005.01,10484.17,7948.62,122579.66,0.00,0,-479.16,-0.3592,0.0000,116693.00,15949.14,0.0560,12,1333.94,14354.23,42.23,1,0,0
460,1377.79,3017.06,661.34,131601.63,54192.87,3,-5326.28,-10.3570,0.6470,33086.00,12256.41,0.0560,24,514.27,11643.59,37.55,0,0,1
353,35725.61,23156.45,17026.94,42675.69,12908.08,2,10651.57,9.8651,0.9590,1279.00,38762.17,0.0150,36,1079.72,27133.52,39.92,1,0,0
501,8712.01,12536.56,9796.67,37833.42,0.00,0,-3824.55,-37.8182,0.0000,44081.00,3618.47,0.0330,36,101.13,3111.88,37.12,0,0,1
435,47082.99,36202.21,31022.36,75282.54,90301.01,4,6804.18,30.4492,0.5899,39536.00,7992.88,0.0350,36,223.46,6154.52,41.14,1,0,0
367,23530.98,15500.05,12184.76,156598.45,0.00,0,8030.93,4.1670,0.0000,158533.00,11541.36,0.0550,6,1927.26,9579.33,34.56,1,0,0
29,36105.98,25943.52,22519.49,21792.76,73973.88,4,8281.34,23.6117,2.7727,-27840.00,12577.37,0.0210,36,350.73,11319.63,44.99,0,0,1
438,3440.22,8603.63,3984.22,12121.11,26091.78,1,-6109.25,-16.1450,0.2760,62027.00,4527.85,0.0440,12,378.40,3848.67,17.38,1,0,0
393,35338.89,10970.94,7774.56,128400.23,30838.37,2,23230.11,246.0295,0.3014,68556.00,1129.72,0.0450,12,94.42,960.26,48.21,1,0,0
5,30710.41,23386.10,17197.83,17173.77,0.00,0,7324.31,2.5240,0.0000,79290.00,34756.89,0.0290,12,2901.87,34756.89,8.89,1,0,0
193,6945.91,8772.65,3410.10,144561.80,0.00,0,-1826.74,-1.0211,0.0000,174089.00,42753.09,0.0340,24,1788.96,38477.78,7.39,1,0,0
388,31052.37,24971.04,22868.96,99501.37,35538.32,3,4986.91,5.3395,0.3049,76419.00,16778.04,0.0210,18,933.97,12751.31,13.20,1,0,0
592,22208.25,13804.03,10932.68,5837.43,0.00,0,8404.22,7.2286,0.0000,16193.00,27784.98,0.0340,24,1162.63,23617.23,25.13,1,0,0
141,26442.93,12592.58,7659.34,87474.01,21441.86,1,12168.99,7.4783,0.3673,36196.00,29140.43,0.0540,18,1627.23,26517.79,36.59,1,0,0
233,28954.33,11347.16,8176.90,41640.13,0.00,0,17607.17,33.7192,0.0000,76629.00,9376.70,0.0250,18,522.17,8345.26,48.95,1,0,0
143,8384.71,7287.19,4439.16,69309.31,72872.30,4,-1541.91,-8.6030,1.3479,-19325.00,6399.95,0.0440,36,179.23,4735.96,3.24,0,1,0
378,27105.89,16975.82,13809.65,80688.20,59380.47,4,7803.20,22.1820,0.3558,74121.00,8417.40,0.0240,24,351.78,5892.18,21.78,1,0,0
567,37408.61,13878.14,11005.42,491.62,0.00,0,23530.47,18.4580,0.0000,9311.00,15259.03,0.0390,12,1274.81,11902.04,4.25,1,0,0
592,14233.04,16437.08,13487.67,40855.20,48727.55,4,-6514.19,-13.8677,3.0722,-46835.00,8416.97,0.0480,18,469.74,8248.63,31.43,0,1,0
562,26209.47,13888.03,12343.88,65597.42,104371.84,4,9951.02,2.4613,0.6537,32503.00,24213.66,0.0520,6,4042.96,20339.47,46.62,1,0,0
67,1815.60,7646.21,4720.68,82301.48,62183.24,4,-8442.06,-114.8267,0.4241,83686.00,2636.62,0.0210,36,73.52,2504.79,1.94,0,1,0
13,12560.80,7688.65,5611.66,163967.88,3996.73,1,4733.01,2.4283,0.0468,141636.00,46470.30,0.0530,24,1949.12,33923.32,29.90,1,0,0
315,40001.30,17971.59,11200.36,13780.20,72924.40,4,18234.39,3.3547,1.9576,-30514.00,32591.47,0.0190,6,5435.52,26725.01,12.72,0,0,1
444,25406.23,11323.33,7054.28,54339.86,0.00,0,14082.90,1.9817,0.0000,104031.00,42592.45,0.0310,6,7106.45,34499.88,44.16,1,0,0
87,19363.63,16601.27,11225.44,149189.52,81506.68,4,1923.18,0.4094,0.1276,129122.00,28153.73,0.0320,6,4697.55,20552.22,45.17,0,0,1
608,45479.20,17875.91,14702.85,126986.85,51913.74,4,24413.79,24.5837,1.1204,-5476.00,23700.56,0.0450,24,993.09,18723.44,14.09,1,0,0
27,48766.26,24101.99,19449.62,116449.09,34084.29,3,23023.72,22.3516,0.4279,81316.00,36870.67,0.0310,36,1030.07,35764.55,42.64,1,0,0
36,18833.58,20052.12,15429.80,127883.78,27739.66,3,-2183.37,-12.5763,0.1925,124693.00,6210.65,0.0340,36,173.61,6210.65,35.26,0,0,1
615,25001.50,18913.32,15241.65,150327.72,12084.64,1,4551.04,0.9133,0.1664,128381.00,29842.60,0.0540,6,4983.17,22381.95,19.97,1,0,0
81,19363.93,18610.30,14625.18,44709.34,26146.22,1,161.59,0.0983,0.3035,33968.00,39314.59,0.0290,24,1644.05,36955.71,12.20,0,1,0
561,42610.79,22104.28,17544.44,31905.65,0.00,0,20506.51,43.5198,0.0000,55739.00,16894.44,0.0220,36,471.20,12164.00,20.96,1,0,0
121,12561.81,7019.11,4786.88,83051.50,51465.55,3,4786.09,2.0567,0.1694,100315.00,41672.51,0.0540,18,2327.03,30004.21,14.93,1,0,0
459,42220.66,19398.41,17305.99,46291.16,25671.17,1,22287.85,14.0744,0.2842,26913.00,37745.62,0.0550,24,1583.57,36235.80,11.27,1,0,0
370,16067.80,11956.46,7230.51,130992.84,0.00,0,4111.34,5.3749,0.0000,134909.00,27309.18,0.0450,36,764.92,20208.79,26.87,1,0,0
562,28825.10,22617.77,19094.09,114709.63,18155.86,1,5948.45,1.5893,0.1334,84104.00,22437.17,0.0250,6,3742.80,19295.97,24.14,1,0,0
340,20847.38,16229.35,10852.54,91087.29,22756.52,2,2909.20,0.6443,0.4136,80773.00,27064.83,0.0300,6,4515.54,19486.68,1.41,1,0,0
495,45236.68,29901.09,25332.54,51276.48,43428.92,2,14113.15,10.5672,0.2758,80243.00,23987.70,0.0230,18,1335.56,21588.93,3.37,1,0,0
171,1190.61,11144.46,7092.89,174864.68,0.00,0,-9953.85,-5.5241,0.0000,130852.00,32292.92,0.0460,18,1801.90,22927.97,25.95,1,0,0
282,9476.93,12110.81,9339.32,98611.36,41051.25,3,-4007.80,-3.0791,0.4033,62386.00,46521.21,0.0390,36,1301.60,44660.36,35.61,0,1,0
477,19951.59,23896.05,19107.34,33496.22,48293.52,4,-8676.98,-12.3265,1.4844,-20489.00,25145.72,0.0420,36,703.93,18607.83,13.67,0,1,0
403,15066.15,11985.26,6779.77,172963.28,62134.35,4,-382.11,-0.1048,0.4917,83887.00,43675.97,0.0330,12,3647.48,33630.50,45.11,0,0,1
241,4782.46,4950.28,2250.98,184486.99,61541.29,3,-2853.44,-47.1955,0.2442,139400.00,1447.49,0.0200,24,60.46,1259.32,41.44,1,0,0
520,12317.20,12823.76,8897.35,204908.15,53346.60,2,-853.37,-0.2075,0.0733,123646.00,49191.99,0.0500,12,4112.67,46240.47,17.34,0,0,1
119,34110.51,21599.83,19442.99,47295.92,60302.41,3,9696.76,5.1517,2.1099,-33314.00,44904.32,0.0480,24,1882.26,42659.10,1.55,0,0,1
571,48221.96,23870.11,22346.28,18623.92,0.00,0,24351.85,23.6359,0.0000,35063.00,36783.56,0.0450,36,1030.29,25748.49,22.47,1,0,0
573,21691.50,16541.81,11713.41,131112.69,58089.08,4,-61.62,-0.0337,1.1395,-11926.00,32752.38,0.0400,18,1826.50,28822.09,33.52,0,1,0
72,10097.23,15538.62,11878.87,111551.92,29206.63,1,-6264.91,-13.2619,0.4175,14364.00,16899.82,0.0340,36,472.40,14026.85,12.43,0,0,1
347,33650.46,25579.24,21341.32,138581.89,32207.21,3,5676.72,5.0670,0.7380,26070.00,40198.01,0.0180,36,1120.33,35776.23,28.84,1,0,0
548,47560.36,18777.63,16416.35,166936.47,57265.35,4,27057.15,34.2089,0.3009,136281.00,28379.12,0.0180,36,790.94,24689.83,50.34,1,0,0
276,31205.20,19296.44,15602.60,152317.54,25223.34,1,11593.43,28.4732,0.1016,92911.00,14509.94,0.0550,36,407.17,12043.25,35.03,1,0,0
382,22569.68,11724.38,8125.08,72157.99,42382.07,2,8280.33,1.8706,0.5334,40422.00,26510.32,0.0530,6,4426.59,22533.77,8.69,1,0,0
295,30163.83,17119.00,12970.45,99057.83,42775.80,3,11010.33,11.7808,0.2875,129420.00,33348.47,0.0480,36,934.60,29013.17,5.33,1,0,0
628,11794.60,8347.22,6243.98,123403.07,49665.26,3,524.60,1.0635,0.3544,97381.00,17678.98,0.0240,36,493.27,14850.34,17.42,1,0,0
252,30009.90,21825.19,18503.60,214969.35,11216.46,1,8148.03,7.7572,0.0113,160013.00,37397.20,0.0600,36,1050.38,35153.37,4.75,1,0,0
561,46898.23,33391.05,29564.17,46202.63,0.00,0,13507.18,25.2636,0.0000,54092.00,19066.97,0.0510,36,534.65,13728.22,2.53,1,0,0
315,21630.21,20295.99,17231.48,47966.81,44955.05,4,-2779.07,-6.3954,2.5873,-46191.00,15588.76,0.0190,36,434.54,12315.12,21.52,0,1,0
337,13094.81,11918.72,8061.12,67881.26,12228.42,2,485.07,0.1769,0.2059,53535.00,49086.59,0.0600,18,2742.60,44668.80,13.36,1,0,0
477,22151.82,14683.14,13183.76,94880.64,18542.46,1,6517.00,2.4344,0.6699,11722.00,32026.33,0.0470,12,2677.02,30745.28,8.59,1,0,0
525,8425.57,9913.26,6671.46,44733.80,18890.12,2,-2627.69,-6.5770,0.9935,250.00,2395.26,0.0230,6,399.53,2371.31,11.30,0,1,0
358,11207.20,18694.15,13094.41,78639.64,52252.00,3,-9665.16,-26.3198,0.8696,6433.00,8771.61,0.0380,24,367.22,7719.02,46.44,0,1,0
189,40735.34,24603.70,19552.96,107267.61,54976.82,4,13434.71,4.1865,0.8716,8698.00,19240.98,0.0200,6,3209.08,18471.34,18.19,1,0,0
94,47727.04,24211.67,20354.74,56209.72,13052.12,1,23375.85,6.7758,0.1650,35303.00,41307.24,0.0340,12,3449.88,35524.23,26.47,1,0,0
241,11959.63,9044.15,3827.08,7109.53,21470.76,3,2224.94,0.8683,0.8305,3668.00,45925.96,0.0450,18,2562.36,35362.99,43.26,0,0,1
393,16599.37,17212.04,11293.99,82194.46,43165.70,3,-1999.94,-2.1094,0.1629,145929.00,17040.49,0.0160,18,948.13,14654.82,18.92,1,0,0
445,6885.08,9840.55,4440.41,40417.16,37245.41,2,-5499.19,-7.8811,1.1284,-4121.00,24953.14,0.0360,36,697.77,20711.11,21.22,0,1,0
374,31224.84,27364.82,23124.77,137250.32,57681.64,4,1122.02,2.4552,0.1981,191571.00,16366.98,0.0280,36,457.00,14402.94,34.27,1,0,0
76,33964.78,15161.85,11350.13,137318.63,16401.42,2,17876.89,12.9034,0.1742,146339.00,49591.03,0.0310,36,1385.44,48599.21,9.33,1,0,0
170,17674.56,10836.17,8837.28,19009.12,43919.90,2,5994.48,2.4013,2.4493,-17542.00,14946.41,0.0600,6,2496.30,10910.88,41.05,1,0,0
5,17686.92,15167.62,11284.95,46247.18,10396.23,1,2039.14,0.5969,0.3659,20805.00,40836.51,0.0590,12,3416.11,33077.57,26.36,0,0,1
183,31263.58,27629.51,22861.87,116833.26,63800.22,4,-340.89,-0.1918,0.5025,68713.00,42489.75,0.0300,24,1777.05,39515.47,7.48,0,1,0
124,49112.15,26221.26,21996.29,34213.38,56645.56,3,19741.86,20.1415,1.1500,-10127.00,34980.65,0.0470,36,980.16,32182.20,33.75,0,0,1
589,919.94,4487.32,1068.60,143800.03,13578.99,1,-4573.70,-9.4557,0.0795,145602.00,11523.70,0.0590,24,483.70,11523.70,36.24,1,0,0
209,14063.44,14151.76,10014.87,24189.60,0.00,0,-88.32,-0.0968,0.0000,59137.00,32698.09,0.0240,36,912.32,24196.59,17.11,0,0,1
266,20627.85,13602.72,11757.87,77847.57,57322.28,3,5654.83,0.9992,0.5306,29841.00,33919.16,0.0300,6,5659.13,24760.99,26.89,1,0,0
336,23921.81,17377.43,11751.63,79319.76,0.00,0,6544.38,1.3322,0.0000,74605.00,29432.72,0.0410,6,4912.50,28255.41,3.56,1,0,0
224,20333.93,16212.96,14318.35,111912.56,44911.94,4,1279.63,0.7426,1.8608,-27513.00,30966.67,0.0170,18,1723.15,25083.00,45.56,0,1,0
499,39451.55,21071.70,19331.26,29195.46,73945.43,4,14245.05,29.1042,2.9810,-43332.00,17545.31,0.0230,36,489.45,15790.78,20.09,0,0,1
7,39510.74,13226.91,9793.27,5771.93,52381.75,3,23206.98,5.5997,1.4176,-15084.00,49673.44,0.0180,12,4144.30,39738.75,46.54,1,0,0
144,35666.74,12905.44,8203.35,21939.04,0.00,0,22761.30,47.5949,0.0000,124112.00,11391.98,0.0600,24,478.23,9227.50,4.81,1,0,0
426,13033.25,11981.50,8176.61,92569.45,49647.44,2,-125.76,-0.1060,0.3582,28729.00,14189.31,0.0570,12,1186.83,11777.13,42.19,0,0,1
491,23694.44,16690.80,11380.08,47758.52,41891.09,2,5500.57,5.2392,1.9024,-18341.00,25027.89,0.0540,24,1049.88,19521.75,8.58,1,0,0
14,39091.64,20928.49,17117.48,107598.32,13793.86,1,17121.45,14.4379,0.1773,96644.00,28308.48,0.0430,24,1185.87,21514.44,2.53,1,0,0
71,38780.92,22859.53,19006.61,14972.32,36024.92,2,13065.22,9.9112,2.2283,-25665.00,31546.72,0.0230,24,1318.23,22082.70,40.79,0,0,1
438,35079.39,23068.52,17539.70,80224.08,62160.17,3,10986.21,7.2992,0.4448,47872.00,35857.86,0.0590,24,1505.12,28686.29,44.96,1,0,0
378,34796.51,32883.83,27854.42,99097.69,45917.87,3,551.21,0.1494,0.3769,37260.00,44164.23,0.0360,12,3688.97,43280.95,36.18,0,1,0
124,40497.87,13548.59,9424.95,27206.03,67451.53,4,25903.19,77.6684,0.2744,59301.00,11940.08,0.0300,36,333.51,9552.06,32.06,1,0,0
185,16684.64,15666.78,9460.68,138483.25,0.00,0,1017.86,9.4089,0.0000,120080.00,1940.87,0.0350,18,108.18,1669.15,45.77,1,0,0
21,45309.79,24914.35,22685.43,185233.60,55057.04,4,18414.53,178.3317,0.2954,96869.00,3686.45,0.0450,36,103.26,3022.89,27.46,1,0,0
622,32858.27,26183.27,23048.95,143698.43,73296.67,4,4738.35,3.2123,0.5988,34544.00,35146.07,0.0580,24,1475.06,27413.93,15.95,1,0,0
607,20196.84,15650.35,10704.33,72518.24,40898.15,2,2616.53,8.6672,0.2673,115528.00,1809.81,0.0240,6,301.89,1339.26,28.39,1,0,0
454,40004.73,27432.07,22080.84,94242.97,57575.14,3,9159.97,60.2233,1.0991,-5094.00,2732.78,0.0190,18,152.10,2623.47,45.46,0,0,1
220,48526.31,22248.45,18677.29,42284.22,62902.67,4,23217.70,20.3848,1.3806,-17813.00,40670.84,0.0440,36,1138.97,40670.84,39.38,1,0,0
419,6418.48,5779.44,2503.21,141242.43,29703.71,3,-1752.95,-1.4643,0.3896,76736.00,42670.09,0.0540,36,1197.16,41816.69,20.56,0,1,0
92,15025.65,13104.01,7932.29,126122.42,80327.62,4,-514.32,-0.2244,0.4133,73435.00,41101.32,0.0390,18,2291.88,39457.27,36.92,0,0,1
243,8433.40,5186.11,1771.01,33460.50,30877.41,3,-229.69,-0.0916,1.2613,-12076.00,44939.13,0.0460,18,2507.54,39097.04,15.06,0,1,0
198,8286.56,14895.26,12459.16,113289.18,23999.22,2,-7269.34,-2.7844,0.1685,112386.00,31283.59,0.0220,12,2610.70,29093.74,0.36,1,0,0
531,37197.10,17028.95,15394.22,25924.09,44234.72,4,18808.06,12.5176,0.6410,24004.00,35889.94,0.0380,24,1502.53,30506.45,40.17,1,0,0
127,31868.54,26183.47,20947.39,22209.94,35417.88,3,3676.44,15.7247,2.1443,-23540.00,4189.25,0.0480,18,233.80,3979.79,12.33,0,0,1
222,4430.58,4895.97,1151.95,30578.69,81761.85,4,-4804.02,-3.2303,3.1955,-56856.00,8914.25,0.0280,6,1487.16,7398.83,12.29,0,1,0
101,34304.93,22859.31,19671.76,120196.60,62009.37,3,8549.56,1.0819,0.3471,90795.00,47331.04,0.0500,6,7902.32,38338.14,5.42,1,0,0
191,2553.66,9057.61,4089.86,185678.80,10491.31,1,-6610.49,-3.6458,0.0087,174037.00,43348.50,0.0310,24,1813.19,34678.80,14.95,1,0,0
606,2879.21,7925.66,3669.66,127528.68,33798.98,2,-7925.25,-32.5941,0.1885,154921.00,1456.06,0.0560,6,243.15,1033.80,1.36,0,0,1
319,35495.56,20453.99,16016.18,49285.80,0.00,0,15041.57,11.4880,0.0000,55388.00,31325.98,0.0250,24,1309.33,31012.72,46.66,1,0,0
385,36743.61,24050.58,19398.67,37867.07,41968.16,3,8310.38,8.4472,2.3094,-33282.00,35201.53,0.0330,36,983.80,24641.07,16.38,0,0,1
594,24474.47,14919.55,10284.86,19249.15,25263.30,1,8022.16,5.0004,3.4564,-18155.00,38430.77,0.0150,24,1604.29,38430.77,50.53,0,0,1
155,41990.08,23139.61,19568.30,150233.74,73417.63,4,16051.00,17.0292,0.7466,23287.00,11286.46,0.0330,12,942.56,8577.71,30.66,1,0,0
293,49749.30,26654.59,21194.67,103628.85,24284.26,2,20679.85,5.6074,0.3707,69561.00,44206.58,0.0170,12,3687.95,39785.92,23.25,1,0,0
38,18969.72,13591.73,9195.37,14769.77,0.00,0,5377.99,9.6254,0.0000,4493.00,10010.42,0.0490,18,558.73,8909.27,31.86,1,0,0
538,12420.46,17647.29,12017.13,131033.92,49201.15,3,-7102.76,-7.5597,0.5032,32786.00,22397.94,0.0540,24,939.56,21726.00,26.63,0,1,0
10,6696.89,12374.57,7851.78,209614.66,51258.07,4,-9410.20,-2.2886,0.3793,122605.00,24656.45,0.0160,6,4111.71,22437.37,14.84,0,0,1
530,33770.49,17428.53,13845.90,60084.66,20906.78,1,15114.12,4.6676,0.3130,44911.00,38766.53,0.0360,12,3238.11,34889.88,0.19,1,0,0
387,43834.35,29609.93,26399.99,92184.55,24934.70,1,12886.26,22.5742,0.1938,69602.00,13620.02,0.0470,24,570.84,11440.82,13.34,1,0,0
352,20028.68,18527.06,15923.47,56086.76,43842.10,4,-672.45,-0.7582,0.7595,14707.00,15911.77,0.0350,18,886.93,15593.53,24.97,0,1,0
541,40116.68,27513.16,24070.01,11615.87,0.00,0,12603.52,147.4096,0.0000,24032.00,2045.93,0.0240,24,85.50,1513.99,16.00,1,0,0
88,37309.01,30486.87,27673.77,21728.27,861.21,1,5947.77,2.7368,0.7858,3405.00,38921.78,0.0530,18,2173.22,28412.90,47.98,1,0,0
244,40320.55,31316.43,28860.02,128722.88,25558.00,1,8718.42,4.3311,0.1005,127920.00,47998.49,0.0520,24,2012.96,34558.91,34.08,1,0,0
68,32433.40,14179.34,11056.21,96613.84,80440.24,4,15179.91,28.3176,0.7655,24340.00,19180.75,0.0330,36,536.06,17454.48,42.66,1,0,0
264,45140.75,25799.16,21697.96,86926.45,0.00,0,19341.59,100.9688,0.0000,151741.00,3442.93,0.0160,18,191.56,3374.07,15.54,1,0,0
508,6287.70,12294.28,7546.73,174854.95,43228.46,4,-7409.83,-1.1861,0.2309,116333.00,37408.82,0.0570,6,6247.25,26186.17,42.57,0,0,1
310,38915.70,21184.76,15911.06,108724.82,46528.09,2,16830.38,30.8181,0.1412,178428.00,13064.48,0.0260,24,546.12,10582.23,35.09,1,0,0
419,30715.35,27403.81,23898.26,34570.24,34806.75,2,1687.38,1.7171,1.4235,-9427.00,11754.00,0.0500,12,982.69,10461.06,40.69,0,1,0
391,13700.99,8810.80,3425.25,45458.94,18263.15,1,4269.43,3.8626,0.3250,21485.00,39477.23,0.0430,36,1105.33,32371.33,27.06,1,0,0
583,17388.47,16393.44,11092.02,113215.24,12197.96,1,63.05,0.0156,0.0853,166497.00,48285.84,0.0550,12,4038.22,45871.55,32.06,0,0,1
433,15364.05,18783.08,14557.17,39315.55,46527.57,4,-4995.48,-29.3765,0.7568,19617.00,6057.85,0.0570,36,170.05,4422.23,43.28,0,1,0
393,35417.80,17680.11,14869.94,111343.86,42458.74,3,15522.11,814.8089,0.8849,7127.00,680.78,0.0390,36,19.05,680.78,35.59,1,0,0
226,1600.32,6817.96,1366.81,151815.58,0.00,0,-5217.64,-0.7505,0.0000,120839.00,41650.13,0.0450,6,6952.63,41650.13,40.87,0,0,1
539,8959.57,8245.16,5106.95,164052.58,56042.47,4,-2550.70,-0.7478,0.4255,103690.00,40853.82,0.0300,12,3411.13,37176.98,30.50,0,0,1
217,46137.94,37452.41,32666.49,162423.64,27869.88,1,7663.73,1.4508,0.4078,37089.00,31647.57,0.0420,6,5282.35,23735.68,38.66,1,0,0
210,21684.80,15416.22,10352.73,58612.34,39625.09,2,4943.70,5.9835,0.7074,13700.00,14810.00,0.0440,18,826.22,11996.10,50.21,1,0,0
343,43677.01,25958.22,22531.33,124148.64,65368.86,3,14399.96,5.1794,0.3483,87251.00,49897.55,0.0310,18,2780.26,48899.60,46.29,1,0,0
603,30201.27,19853.33,16006.67,103138.62,51296.29,4,6031.97,3.0016,0.9673,2687.00,12045.54,0.0280,6,2009.56,11202.35,33.13,1,0,0
513,30884.17,19737.88,15878.43,56119.89,20307.27,2,9181.25,4.8751,0.1874,106494.00,22568.94,0.0210,12,1883.31,21666.18,25.92,1,0,0
8,30958.68,18549.32,13002.65,39008.75,54838.44,4,9585.34,2.3567,1.3816,-14662.00,48717.78,0.0280,12,4067.21,47256.25,30.51,0,0,1
258,2045.00,9112.04,5785.82,109491.01,16735.25,1,-8376.48,-3.0081,0.1469,95083.00,33302.68,0.0520,12,2784.61,27974.25,25.80,0,0,1
385,6886.74,8228.34,4719.08,93164.20,22809.24,2,-2294.62,-1.1900,0.2568,85601.00,34658.76,0.0150,18,1928.23,33965.58,31.94,0,0,1
327,3954.30,6334.35,3976.16,42678.43,570.39,1,-2533.65,-1.8257,0.0553,87444.00,33165.93,0.0340,24,1387.79,29849.34,15.88,0,0,1
554,24508.41,17037.03,14123.60,46465.34,70482.33,4,5337.57,5.6475,55.6013,-51489.00,22640.38,0.0150,24,945.12,19017.92,12.76,0,0,1
158,42851.35,36315.46,32012.24,115844.70,28061.12,1,6291.81,8.4899,0.1103,65636.00,13286.52,0.0420,18,741.09,13020.79,2.85,1,0,0
18,21316.01,19381.14,15979.53,100561.81,14756.86,3,-674.90,-6.4876,0.7334,18668.00,2488.99,0.0250,24,104.03,2339.65,43.50,0,1,0
226,22585.28,21983.54,19904.71,118699.48,40023.09,2,-508.16,-0.8911,0.1572,129472.00,3418.59,0.0250,6,570.26,2905.80,41.03,1,0,0
571,30441.19,21962.23,15525.01,72328.80,47012.98,3,7083.34,0.9528,0.7260,15983.00,44517.01,0.0580,6,7434.57,32942.59,36.62,0,0,1
498,22209.55,15931.57,13638.82,18922.36,16177.36,1,5973.43,9.0585,0.2072,23305.00,23547.27,0.0440,36,659.43,16483.09,50.97,1,0,0
338,30860.00,26535.29,23474.46,38260.30,48119.60,4,1863.45,2.8296,1.2590,-10722.00,23546.51,0.0370,36,658.56,22840.11,48.60,0,0,1
491,3211.08,4269.64,1833.58,173920.18,0.00,0,-1058.56,-15.3950,0.0000,125200.00,1642.30,0.0390,24,68.76,1330.26,1.09,1,0,0
360,30681.95,16332.42,12177.07,58352.46,16951.86,1,13902.35,46.3149,0.0666,104516.00,10724.41,0.0410,36,300.17,8365.04,12.92,1,0,0
625,25217.75,17561.53,14098.76,98333.75,42115.09,4,5980.06,13.2209,0.3613,98767.00,16118.98,0.0550,36,452.32,11605.67,26.95,1,0,0
485,30945.25,15140.04,12378.10,107111.35,64587.17,4,14357.68,20.1412,0.2062,91603.00,17048.72,0.0280,24,712.85,12786.54,36.56,1,0,0
99,18581.67,14020.71,10370.65,8735.21,39138.01,3,2470.14,1.7988,1.0543,-1809.00,49133.99,0.0330,36,1373.18,43237.91,39.85,0,0,1
528,46334.04,27936.54,22570.94,128164.54,28853.66,2,16262.75,31.8366,0.1976,168995.00,12207.70,0.0340,24,510.82,12207.70,28.45,1,0,0
600,41671.73,12402.41,9167.78,23035.91,40784.87,3,27597.45,31.5930,0.9492,2106.00,31319.56,0.0220,36,873.53,31006.36,26.12,0,0,1
255,47562.91,34992.51,29851.37,185138.40,50724.01,3,9722.25,3.1242,0.3849,98899.00,37256.11,0.0360,12,3111.95,26824.40,38.12,1,0,0
103,42604.91,26793.48,21883.65,85314.21,0.00,0,15811.43,28.8125,0.0000,153607.00,13087.00,0.0510,24,548.77,11254.82,36.74,1,0,0
272,5036.75,6001.00,2468.01,18051.41,56490.24,3,-3465.10,-1.5125,1.1836,-7097.00,27404.07,0.0490,12,2290.95,22745.38,43.37,0,1,0
551,32815.78,19901.62,16725.12,71197.42,70962.85,4,11617.16,18.5007,0.4886,35186.00,22381.30,0.0540,36,627.93,17233.60,36.37,1,0,0
78,39180.92,18346.73,14006.58,34234.06,27520.32,2,19028.32,2.7135,0.1862,101714.00,42030.55,0.0300,6,7012.45,37827.50,32.84,1,0,0
154,17794.96,23691.50,17404.69,81586.11,10759.47,1,-7518.54,-24.5495,0.2178,72821.00,5501.76,0.0210,18,306.26,4346.39,21.65,0,0,1
359,22172.77,13002.52,7538.74,74962.04,68575.59,4,6801.02,6.3783,1.2007,-12363.00,38068.44,0.0450,36,1066.28,31216.12,25.22,1,0,0
362,28110.44,17582.60,12930.80,33878.06,35975.60,3,10046.22,1.5911,0.7078,9178.00,37852.61,0.0240,6,6314.07,34445.88,8.14,1,0,0
84,39350.98,24812.48,21548.67,50406.54,8947.97,1,14011.02,60.0558,0.1881,56909.00,4191.86,0.0190,18,233.30,3605.00,46.08,1,0,0
588,35415.19,17105.63,12286.15,10733.59,45739.55,2,17010.96,12.9662,0.7265,13083.00,15720.86,0.0220,12,1311.95,13362.73,5.35,1,0,0
278,20186.21,13144.35,9118.96,153698.34,3134.75,1,6966.08,3.9700,0.0119,104609.00,10521.13,0.0190,6,1754.69,7785.64,33.83,1,0,0
463,42472.97,16656.46,12214.10,111373.05,48307.36,2,23500.60,38.5262,0.3159,111808.00,14597.85,0.0230,24,609.99,14305.89,31.60,1,0,0
407,2682.83,8905.46,7723.57,190976.72,41722.74,4,-9073.27,-8.6905,0.3663,104582.00,37171.69,0.0600,36,1044.05,26020.18,19.19,0,1,0
303,17406.73,12758.18,9225.57,102773.49,66369.46,4,-2081.40,-0.5371,1.3612,-23017.00,46343.31,0.0530,12,3875.26,32903.75,15.86,0,1,0
119,2242.25,6909.99,1728.74,117224.42,44922.26,4,-8173.22,-7.3224,0.4766,62056.00,39791.32,0.0530,36,1116.19,34220.54,7.99,0,0,1
520,47469.09,28615.87,25942.32,56758.59,52588.43,3,15778.74,10.8514,0.6415,28012.00,34806.46,0.0210,24,1454.08,25756.78,24.28,1,0,0
168,6091.82,6173.76,1522.96,94416.52,49859.80,2,-2482.36,-2.3179,0.2926,120257.00,38319.92,0.0330,36,1070.95,34487.93,48.32,1,0,0
342,34061.30,23630.57,19459.10,140926.60,0.00,0,10430.73,1.3800,0.0000,109968.00,45305.50,0.0280,6,7558.32,39415.79,17.30,1,0,0
35,46461.97,31565.26,26947.94,126848.01,37338.89,2,14092.13,8.1167,0.1332,135887.00,41414.77,0.0490,24,1736.20,33960.11,42.62,1,0,0
131,46204.51,29979.13,27088.28,46211.08,49997.48,4,9780.42,1.7592,1.2120,-15094.00,33310.59,0.0400,6,5559.54,28314.00,46.44,0,0,1
2,45144.29,28934.73,25676.37,18765.14,25788.97,1,15877.70,6.6454,0.2111,41330.00,28613.76,0.0310,12,2389.29,28613.76,37.06,1,0,0
366,19021.96,14641.58,10649.48,99575.28,28387.35,2,1793.32,2.1862,0.4271,55544.00,19591.42,0.0390,24,820.29,13909.91,44.45,1,0,0
476,30422.73,27102.71,22838.74,65726.88,30521.58,3,2038.26,2.8088,0.8535,8011.00,8685.40,0.0400,12,725.67,7208.88,39.83,0,0,1
19,30464.08,23500.20,19984.74,23759.43,11543.96,1,6677.30,1.7442,0.1483,23503.00,45846.99,0.0310,12,3828.29,43096.17,48.25,1,0,0
528,21231.38,15185.46,11689.37,92864.16,0.00,0,6045.92,5.0839,0.0000,132347.00,14249.47,0.0230,12,1189.23,12539.53,10.72,1,0,0
401,2756.46,13549.05,10071.08,65682.04,26921.45,1,-10859.27,-3.0798,0.0355,90520.00,42199.43,0.0410,12,3526.00,41355.44,34.85,0,0,1
184,46902.54,20213.90,14539.79,46505.08,0.00,0,26688.64,21.2005,0.0000,93085.00,30103.72,0.0290,24,1258.87,26792.31,42.60,1,0,0
143,40502.25,19097.83,17044.94,66836.82,48125.93,3,19929.89,63.7552,1.2433,-11803.00,5611.41,0.0290,18,312.60,4433.01,12.78,0,0,1
473,11304.16,19238.75,14133.84,109911.69,9339.68,1,-8247.23,-2.1401,0.1070,65261.00,46199.34,0.0150,12,3853.70,39269.44,34.49,0,1,0
286,41226.76,25161.34,22242.39,76849.15,40426.31,2,14370.44,7.5793,2.4107,-25377.00,33953.98,0.0540,18,1896.02,31916.74,27.97,1,0,0
466,6292.10,17661.74,10894.66,91297.12,63247.52,4,-14750.20,-3.7572,0.7669,20989.00,23516.52,0.0470,6,3925.87,22105.53,11.11,0,1,0
292,3601.00,9711.13,5410.45,81509.73,20815.34,2,-6646.20,-5.4738,0.2837,65006.00,21813.78,0.0200,18,1214.18,17451.02,5.85,1,0,0
537,15638.17,19983.50,13785.58,1614.33,56265.27,3,-6869.02,-6.0543,3.8108,-41788.00,20369.75,0.0270,18,1134.56,19147.57,24.54,0,1,0
316,10479.09,15792.88,10608.80,38648.99,15479.97,1,-6067.69,-7.2932,0.4739,11958.00,29796.24,0.0280,36,831.97,20857.37,8.02,0,0,1
507,41848.41,15336.32,12520.69,45393.86,32689.25,2,24316.27,8.8498,1.0593,-2527.00,32907.72,0.0300,12,2747.66,32907.72,33.23,1,0,0
552,32310.75,18711.04,16674.93,57952.31,25986.09,1,13536.11,2.8794,0.0824,17709.00,28165.09,0.0420,6,4701.08,26475.18,29.50,1,0,0
611,36080.64,29760.56,24543.62,18494.99,0.00,0,6320.08,4.3254,0.0000,34473.00,34879.54,0.0430,24,1461.14,28950.02,6.63,1,0,0
230,19530.04,11985.91,8397.92,92172.70,25772.80,2,4618.31,2.4225,0.2833,107456.00,11426.34,0.0310,6,1906.46,9598.13,46.57,1,0,0
611,20010.23,12637.65,8498.38,97488.90,21756.69,3,5341.94,6.9610,0.4213,45674.00,13767.58,0.0350,18,767.41,10876.39,3.45,1,0,0
612,38806.42,23123.86,20742.99,185109.47,38818.12,2,15063.48,65.4649,0.0991,114020.00,8225.57,0.0380,36,230.10,7978.80,48.71,1,0,0
106,49972.16,17237.34,15786.47,99778.04,40815.89,3,30330.38,9.4121,2.0632,-34328.00,38564.55,0.0420,12,3222.49,34322.45,49.64,0,0,1
347,24722.68,18768.50,14150.32,111474.71,20844.25,2,4701.73,4.3387,0.4676,55801.00,25936.87,0.0220,24,1083.68,24640.03,37.22,1,0,0
48,27883.72,18632.28,15392.48,44938.75,0.00,0,9251.44,1.3405,0.0000,718.00,41351.79,0.0390,6,6901.38,29773.29,38.38,1,0,0
497,24655.04,22620.01,16515.13,187962.21,28493.42,3,-1366.67,-1.3656,0.3359,128861.00,35663.13,0.0550,36,1000.75,33879.97,18.82,0,0,1
138,33057.65,17993.28,14287.36,84806.58,0.00,0,15064.37,12.4159,0.0000,70928.00,43413.70,0.0330,36,1213.31,30823.73,43.53,1,0,0
581,23317.01,7278.20,5596.08,128377.97,39746.76,3,13457.66,12.6462,0.5958,47833.00,38204.10,0.0150,36,1064.17,34765.73,37.79,1,0,0
355,41187.92,24365.55,19770.20,95826.04,40981.43,2,15438.05,13.5080,0.7280,8783.00,6843.16,0.0590,6,1142.88,6774.73,37.27,1,0,0
15,10433.11,8746.97,6109.56,63284.30,0.00,0,1686.14,4.3500,0.0000,71225.00,13887.30,0.0260,36,387.62,13054.06,7.32,1,0,0
247,28539.58,24608.39,20460.66,82214.10,28408.60,1,3449.91,1.7231,0.1996,96476.00,35834.51,0.0600,18,2002.17,32251.06,2.41,1,0,0
577,13726.65,17865.39,13088.96,77771.91,50118.67,2,-5652.60,-0.7545,0.5759,36497.00,44916.64,0.0210,6,7491.61,31441.65,12.36,0,1,0
74,33315.99,16650.40,13414.41,148802.07,33974.27,3,13417.43,1.8316,0.2927,131313.00,43870.69,0.0540,6,7325.61,32903.02,27.28,1,0,0
295,997.25,7444.37,2022.14,82586.03,8903.36,2,-7561.34,-10.2903,0.3318,90952.00,13182.58,0.0350,18,734.80,11468.84,49.33,0,0,1
58,33778.48,21700.39,18023.83,130233.24,79946.49,4,9789.64,9.7366,0.9769,1862.00,6024.88,0.0370,6,1005.45,4277.66,18.98,1,0,0
453,20239.40,10089.47,8670.33,185453.60,17170.17,2,8608.75,11.1879,0.2104,155502.00,13781.03,0.0530,18,769.47,9922.34,19.20,1,0,0
29,29694.99,22920.07,19832.43,153456.50,0.00,0,6774.92,37.0133,0.0000,141735.00,2192.23,0.0300,12,183.04,1731.86,43.46,1,0,0
591,10762.36,11737.27,8935.54,36970.36,24368.82,2,-2619.32,-3.4169,0.8950,4670.00,27429.21,0.0330,36,766.58,19200.45,35.97,0,1,0
202,27996.71,10375.41,6719.21,73070.34,84717.07,4,15133.44,33.4013,1.0208,-1126.00,8128.41,0.0350,18,453.08,7884.56,38.41,0,0,1
456,48975.31,40897.78,37293.03,71248.45,0.00,0,8077.53,2.1846,0.0000,27121.00,44239.99,0.0450,12,3697.46,30967.99,26.11,1,0,0
375,41447.76,33176.85,27416.12,130004.64,23652.43,2,5510.47,0.8050,0.2919,92249.00,41018.23,0.0380,6,6845.47,31994.22,49.81,1,0,0
369,34822.72,19768.31,16197.12,145990.72,5732.05,1,14748.47,4.7294,0.0432,112834.00,37351.29,0.0290,12,3118.48,27639.95,36.32,1,0,0
151,38193.13,23203.84,18726.68,131091.05,0.00,0,14989.29,9.2414,0.0000,76604.00,29107.02,0.0320,18,1621.98,25905.25,38.48,1,0,0
62,15973.50,8976.17,6543.27,150798.25,63519.53,4,5357.47,28.3179,0.3926,99783.00,4512.31,0.0500,24,189.19,3790.34,3.87,1,0,0
268,2045.69,6759.52,3697.40,78944.97,0.00,0,-4713.83,-0.5683,0.0000,78697.00,49666.83,0.0590,6,8294.91,35760.12,8.41,0,0,1
23,14177.04,14734.51,12177.38,132003.35,0.00,0,-557.47,-0.6856,0.0000,146085.00,19379.58,0.0560,24,813.15,18216.81,40.56,0,0,1
546,16120.45,9309.30,6609.38,162845.13,31235.78,2,4785.75,1.2222,0.2117,133678.00,46915.36,0.0240,12,3915.72,36593.98,16.91,1,0,0
134,12414.10,13841.35,9592.56,81032.90,47097.12,3,-5336.78,-0.7180,0.5532,45087.00,44550.63,0.0310,6,7433.16,32521.96,40.87,0,1,0
393,8306.85,10430.25,4373.26,45277.62,19804.37,2,-3367.48,-1.0101,0.6208,30721.00,39965.95,0.0150,12,3333.74,33171.74,5.03,0,0,1
429,25652.42,14701.64,12243.67,169102.07,0.00,0,10950.78,59.1263,0.0000,100341.00,6639.24,0.0230,36,185.21,6174.49,16.92,1,0,0
530,3905.29,5924.85,3020.23,32657.81,61778.82,3,-3343.84,-2.5220,0.3222,85255.00,31650.47,0.0430,24,1325.87,23421.35,39.24,0,1,0
42,17474.18,13874.34,9629.24,58760.21,58128.07,4,571.86,0.4006,1.1305,-7538.00,34031.50,0.0530,24,1427.39,31308.98,10.27,0,1,0
323,45449.42,25796.39,21967.85,66152.18,62129.04,4,14834.01,5.9739,0.9466,4992.00,44480.93,0.0510,18,2483.15,42256.88,46.03,1,0,0
544,46379.27,30475.78,25508.60,159363.00,0.00,0,15903.49,12.5512,0.0000,136333.00,15174.44,0.0310,12,1267.09,10773.85,48.67,1,0,0
361,23191.24,17133.52,13641.71,158441.93,28100.76,2,5027.04,2.8396,0.2633,61422.00,31751.79,0.0380,18,1770.36,23496.32,11.78,1,0,0
158,28745.45,12877.50,8911.09,25995.91,26921.52,4,13481.43,10.6335,0.6030,25966.00,45297.36,0.0410,36,1267.83,40767.62,27.25,0,0,1
272,40407.10,27871.38,23229.50,2332.79,775.94,1,12332.52,37.6669,0.4732,2828.00,11706.43,0.0370,36,327.41,9013.95,37.65,1,0,0
360,13835.68,8071.43,5534.27,67797.27,89722.30,4,2989.59,1.7181,1.0695,-4680.00,20843.23,0.0280,12,1740.10,15007.13,30.49,0,0,1
189,35127.71,20808.66,15845.64,86339.92,52166.97,4,12402.85,7.4419,0.4297,59626.00,29916.67,0.0290,18,1666.62,24830.84,31.09,1,0,0
229,33129.40,26085.59,22332.78,120775.94,13025.21,1,6337.97,5.9306,0.0684,120109.00,38182.60,0.0410,36,1068.69,30546.08,25.52,1,0,0
614,4577.42,5645.89,1144.36,112936.00,0.00,0,-1068.47,-0.7941,0.0000,131734.00,24103.20,0.0500,18,1345.44,22174.94,45.08,1,0,0
101,11014.10,7884.31,4630.70,98815.20,47050.43,2,1872.08,0.2495,0.2504,94464.00,44963.67,0.0310,6,7502.08,32823.48,38.79,1,0,0
238,19507.46,26247.82,20875.26,23057.55,23261.53,1,-7333.82,-1.0453,0.5200,9130.00,42033.77,0.0430,6,7016.18,41613.43,3.70,0,1,0
547,48306.52,28730.21,23897.10,101459.11,50279.56,2,19031.67,9.0596,0.1660,87280.00,25172.63,0.0220,12,2100.72,18879.47,25.96,1,0,0
571,44115.13,19593.05,15821.59,134492.71,22929.97,1,23520.26,21.3334,0.1221,119999.00,13179.56,0.0590,12,1102.51,9357.49,8.11,1,0,0
513,47752.65,22137.73,16798.03,157382.44,33374.52,2,25371.80,64.7058,0.0864,128603.00,7045.91,0.0180,18,392.11,5777.65,5.55,1,0,0
544,23301.88,13294.43,7456.60,49886.02,0.00,0,10007.45,4.6228,0.0000,37411.00,38818.44,0.0400,18,2164.78,32219.31,39.70,1,0,0
351,22293.44,18964.69,13452.87,89963.85,23010.36,2,2122.83,0.8654,0.2162,88019.00,44062.38,0.0220,18,2453.03,43621.76,47.71,1,0,0
625,912.26,7355.09,3203.82,71825.16,50295.12,2,-6908.99,-1.8390,0.5811,16803.00,44988.97,0.0320,12,3756.88,33291.84,46.48,0,1,0
52,4196.45,11998.22,8138.65,48831.93,25524.33,4,-9826.90,-2.0294,0.4806,41096.00,29025.15,0.0280,6,4842.27,22929.87,37.76,0,1,0
216,49119.24,32098.54,26601.84,89865.53,47021.93,4,15185.10,8.5092,0.6233,33101.00,42658.64,0.0320,24,1784.56,32420.57,32.61,1,0,0
585,21768.23,9750.84,6425.94,125743.64,0.00,0,12017.39,3.3437,0.0000,109046.00,43039.30,0.0320,12,3594.07,34431.44,18.21,1,0,0
594,33318.24,11402.67,9329.11,86742.88,17637.95,1,20898.77,2.6236,0.3843,32579.00,47694.12,0.0600,6,7965.72,37201.41,11.39,1,0,0
585,33018.46,22512.81,17779.78,27841.21,41665.59,3,8916.89,113.1729,0.4354,45060.00,1414.28,0.0290,18,78.79,1414.28,21.88,1,0,0
526,37132.90,22644.32,17525.48,137075.52,2273.03,1,14142.30,4.6750,0.0402,206927.00,36193.15,0.0460,12,3025.12,32573.84,19.13,1,0,0
298,39402.01,20633.66,17225.88,19614.28,0.00,0,18768.35,2.2664,0.0000,36405.00,49638.54,0.0280,6,8281.20,49142.15,46.39,1,0,0
614,23805.28,13641.08,10950.43,142330.45,27301.45,2,9550.51,17.0868,0.0984,157289.00,19980.92,0.0380,36,558.94,14386.26,22.91,1,0,0
484,27257.05,17402.51,12762.13,6923.96,0.00,0,9854.54,6.8259,0.0000,9276.00,17267.04,0.0510,12,1443.69,16231.02,14.60,1,0,0
169,17845.48,7531.86,4282.92,84409.04,33492.56,2,8768.64,9.2507,0.2598,95641.00,5679.77,0.0380,6,947.89,4373.42,9.89,1,0,0
471,31149.43,11790.65,8410.35,42576.80,70431.29,4,16919.89,23.8708,1.0617,-2534.00,25343.24,0.0370,36,708.81,23315.78,8.57,1,0,0
363,24771.90,17722.36,14134.27,44392.13,55925.95,4,2906.28,0.5544,3.1906,-55892.00,31402.14,0.0460,6,5242.12,26691.82,4.05,0,1,0
303,47749.50,18447.82,14802.35,66001.79,16455.88,2,28522.42,30.4531,0.2785,100915.00,33475.47,0.0390,36,936.60,31132.19,16.51,1,0,0
132,36629.16,21801.48,15317.47,83675.10,75221.23,4,9783.74,4.4132,1.6161,-28260.00,26510.29,0.0540,12,2216.95,22003.54,40.26,0,0,1
30,43709.06,31320.66,27598.95,46045.77,59416.34,4,6433.95,1.9498,1.8526,-43070.00,39509.86,0.0340,12,3299.77,36349.07,48.54,1,0,0
192,5116.79,12749.97,7610.14,48371.36,64158.38,4,-10082.14,-20.5176,1.7903,-23586.00,17608.33,0.0250,36,491.39,17080.08,17.89,0,1,0
186,30046.48,20407.32,17003.91,53236.67,0.00,0,9639.16,11.8931,0.0000,88208.00,4854.88,0.0470,6,810.48,4806.33,35.05,1,0,0
581,26436.86,19844.48,15463.78,89658.11,57494.67,4,4076.85,4.3327,0.5548,34504.00,16909.78,0.0170,18,940.95,16909.78,33.70,1,0,0
486,27283.76,20291.22,13914.72,75890.91,18911.91,2,5991.83,4.5352,0.7550,9675.00,7922.91,0.0150,6,1321.18,6417.56,33.86,1,0,0
367,26172.31,20343.06,14964.72,83763.03,11648.80,1,4796.17,5.7460,0.5470,14258.00,14997.59,0.0190,18,834.70,10948.24,48.90,1,0,0
314,7558.16,4576.54,1511.63,28139.95,16339.50,1,1934.22,7.7977,0.6651,10549.00,5930.25,0.0310,24,248.05,5870.95,33.62,1,0,0
233,38114.87,19422.49,16008.25,152029.57,17399.03,2,16152.38,6.4223,0.3294,88110.00,15063.27,0.0510,6,2515.03,13858.21,27.93,1,0,0
606,21492.44,19259.85,16625.04,106377.79,27073.09,3,-1610.38,-4.3707,0.8270,14298.00,13217.73,0.0190,36,368.45,10309.83,35.20,0,1,0
150,35217.31,21554.44,18665.17,120676.96,4128.70,1,13120.37,11.3455,0.2484,82067.00,13861.94,0.0170,12,1156.44,9980.60,2.35,1,0,0
593,19980.12,16645.78,12205.61,114316.77,37937.29,4,-1238.79,-2.4894,0.5481,67965.00,11865.95,0.0520,24,497.63,10560.70,2.14,0,0,1
547,18887.43,18417.73,14814.41,76962.56,16266.50,1,-281.83,-0.4525,0.2824,63667.00,22361.12,0.0150,36,622.87,19454.17,26.19,1,0,0
215,22514.61,18163.19,11932.74,29283.87,62615.91,3,2204.56,0.5259,1.0574,-2448.00,25123.34,0.0310,6,4191.77,19847.44,37.14,0,1,0
490,10559.95,13645.53,10739.93,198972.27,57209.81,4,-7138.50,-2.3689,0.6746,37171.00,18064.26,0.0260,6,3013.45,13006.27,29.20,0,0,1
188,41886.81,14320.97,10890.57,115933.09,23924.14,1,27507.06,8.3969,0.0179,161572.00,19616.57,0.0560,6,3275.84,17458.75,12.12,1,0,0
557,14135.05,20037.95,16892.79,29723.21,32375.04,4,-8637.03,-3.5378,1.4074,-15678.00,43727.82,0.0520,18,2441.34,38917.76,9.89,0,1,0
555,36727.40,16819.74,11018.22,135222.56,37872.54,4,16346.97,5.7692,0.8013,17049.00,16991.30,0.0160,6,2833.47,12573.56,1.48,1,0,0
491,39612.08,26274.35,24190.61,19496.28,51299.25,2,12064.88,1.6329,5.7136,-25689.00,44302.57,0.0190,6,7388.67,38100.21,7.17,1,0,0
45,21222.43,19011.37,15649.64,79001.19,55509.74,3,-1967.76,-1.8646,0.6566,29303.00,18904.56,0.0510,18,1055.35,15501.74,9.40,0,1,0
423,34789.33,11371.67,8349.44,53297.22,15382.98,1,21539.49,9.2119,0.4846,28534.00,14018.56,0.0220,6,2338.23,12476.52,42.41,1,0,0
81,39601.44,13367.79,10933.44,137186.87,87663.21,4,22252.44,32.0566,0.3869,109283.00,4162.46,0.0170,6,694.16,4162.46,31.28,1,0,0
112,6113.76,7228.39,3634.82,16430.48,0.00,0,-1114.63,-0.3798,0.0000,22114.00,35164.52,0.0240,12,2934.95,35164.52,42.25,0,0,1
268,43979.90,21345.24,16552.21,46698.58,69438.37,4,20788.12,51.8963,0.6142,18665.00,4792.46,0.0460,12,400.57,4313.21,11.74,1,0,0
420,46130.03,33520.23,28174.09,51774.00,0.00,0,12609.80,1.7181,0.0000,25790.00,43943.53,0.0600,6,7339.31,31199.91,34.50,1,0,0
543,28882.00,20051.00,14642.65,70617.62,13998.98,1,8667.20,13.9120,0.1028,47661.00,11176.82,0.0350,18,623.00,9500.30,1.75,1,0,0
607,5948.68,12768.27,8137.24,177797.39,4269.48,1,-7265.91,-8.0639,0.0423,144272.00,16138.85,0.0520,18,901.04,12911.08,4.74,0,0,1
38,44993.00,28958.45,24089.96,149095.55,71732.56,4,11870.63,12.0592,0.7385,27121.00,23524.46,0.0340,24,984.36,16702.37,29.81,1,0,0
180,19046.64,16527.20,11715.48,39884.15,20136.98,1,2355.40,1.2567,0.1605,28600.00,22418.01,0.0500,12,1874.24,20400.39,25.32,1,0,0
353,19627.87,16821.09,12034.98,56847.70,0.00,0,2806.78,8.0502,0.0000,91421.00,6246.80,0.0490,18,348.66,5184.84,23.64,1,0,0
380,41002.84,30193.18,25887.81,77350.01,1063.85,1,10696.74,1.3000,0.0313,116455.00,49273.23,0.0560,6,8228.31,35969.46,37.97,1,0,0
233,3968.63,7469.64,1984.32,123826.87,47574.43,4,-7190.52,-1.8843,1.5475,-32334.00,45691.05,0.0340,12,3816.01,45234.14,24.52,0,1,0
145,41300.37,28802.27,27045.65,49138.28,33932.37,2,10013.89,2.5509,0.4267,71687.00,47025.09,0.0270,12,3925.64,40911.83,26.40,1,0,0
456,2068.17,8395.61,4915.23,64589.61,72627.80,4,-10364.04,-12.3561,6.6566,-56600.00,30034.80,0.0290,36,838.78,26130.28,37.26,0,1,0
228,7418.33,6909.84,2151.32,139909.30,18601.62,1,-83.03,-0.0530,0.3375,58051.00,37430.79,0.0320,24,1565.86,27324.48,35.77,0,0,1
625,7715.88,15420.09,11984.51,22199.06,4342.54,1,-8197.76,-4.4201,1.6998,-4064.00,33206.77,0.0560,18,1854.65,31214.36,29.19,0,1,0
318,26512.84,19025.76,11657.41,50150.67,0.00,0,7487.08,2.4204,0.0000,70361.00,37025.95,0.0390,12,3093.32,27399.20,25.43,1,0,0
374,31267.85,11999.88,9159.67,102027.88,38148.22,2,18679.23,83.8988,0.1492,114553.00,2666.64,0.0290,12,222.64,2613.31,8.89,1,0,0
352,21831.61,13335.95,9407.41,47597.32,38494.13,2,7573.60,1.0686,0.2649,36317.00,42480.22,0.0300,6,7087.47,37807.40,31.09,1,0,0
127,30965.79,17685.62,13790.81,110700.91,63489.61,4,8898.29,2.7778,0.4740,81743.00,38360.62,0.0320,12,3203.37,26852.43,33.32,1,0,0
514,15107.72,10757.88,5892.01,158466.07,23681.54,1,2409.51,2.5611,0.1360,176144.00,22411.07,0.0600,24,940.81,15911.86,1.36,1,0,0
142,15178.07,20998.35,18103.77,133472.45,57859.77,4,-7377.62,-40.0588,0.3749,57307.00,6575.30,0.0450,36,184.17,6312.29,37.26,0,1,0
238,27362.56,15200.51,11765.90,86028.00,55879.37,3,9548.09,5.8724,0.7336,17762.00,29219.39,0.0170,18,1625.92,26297.45,29.31,0,0,1
112,35802.98,22422.88,18259.52,9114.30,49110.19,3,11597.58,20.1130,5.9793,-49992.00,10359.47,0.0200,18,576.62,9634.31,3.28,1,0,0
198,12526.69,12417.25,9258.17,85461.02,0.00,0,109.44,0.0912,0.0000,88400.00,14351.19,0.0440,12,1199.36,12485.54,11.80,0,0,1
619,47247.21,17858.34,14319.41,35963.41,29785.30,1,28919.13,32.5289,0.3388,15282.00,31904.68,0.0170,36,889.03,30309.45,24.96,1,0,0
610,28441.33,17618.95,13178.80,102899.94,57129.01,4,5578.34,1.7801,1.0305,-2194.00,37509.65,0.0390,12,3133.73,34133.78,3.98,1,0,0
37,46882.44,29305.74,25785.34,158521.56,56600.33,4,15046.32,14.6476,0.3256,105104.00,6154.50,0.0410,6,1027.22,4492.79,10.33,1,0,0
316,21058.76,14475.28,12635.26,75432.98,0.00,0,6583.48,2.4968,0.0000,154407.00,31599.99,0.0200,12,2636.76,29703.99,4.16,1,0,0
26,33062.34,23008.93,18510.70,138198.17,37620.07,3,7381.41,8.2188,0.4285,81283.00,16080.24,0.0560,18,898.11,11256.17,6.32,1,0,0
86,16943.78,9056.14,5083.13,99392.00,0.00,0,7887.64,1.4700,0.0000,120558.00,32159.44,0.0310,6,5365.72,28621.90,2.35,1,0,0
242,8997.66,10574.01,8571.78,5989.31,35707.48,2,-1869.99,-1.2243,1.1104,-705.00,27344.65,0.0570,18,1527.39,24883.63,39.58,0,1,0
586,23395.45,14903.54,12867.50,58301.22,45380.79,3,5990.27,22.2306,0.7220,12859.00,9604.30,0.0540,36,269.46,8932.00,30.04,1,0,0
214,11516.84,7550.99,4837.07,92240.26,85750.37,4,197.48,0.2150,0.5323,47765.00,16486.27,0.0290,18,918.43,12529.57,0.84,1,0,0
119,27918.73,24083.97,20327.42,62777.70,0.00,0,3834.76,1.6016,0.0000,64504.00,42978.89,0.0290,18,2394.30,34383.11,18.43,1,0,0
47,24449.27,17310.88,13373.81,54316.63,105430.62,4,1093.21,4.5221,0.6568,41380.00,2892.50,0.0450,12,241.75,2747.88,23.52,1,0,0
310,15041.44,12761.77,7520.72,26152.92,33021.67,2,1122.16,0.9879,0.3476,34463.00,40673.75,0.0290,36,1135.90,34165.95,5.86,1,0,0
396,16539.36,10265.92,8031.66,168097.10,45882.77,2,5653.70,212.7050,0.1658,89978.00,950.76,0.0350,36,26.58,855.68,8.49,1,0,0
556,10673.03,17191.89,10572.36,20232.86,0.00,0,-6518.86,-3.4575,0.0000,47065.00,33857.55,0.0250,18,1885.45,32164.67,9.95,0,0,1
26,37553.78,25725.45,22103.97,10023.64,24209.97,3,8516.73,25.9561,1.0071,-325.00,7844.52,0.0310,24,328.12,6824.73,13.60,0,0,1
598,9267.57,8575.45,2965.62,83378.75,79482.92,3,-4528.31,-2.2159,0.4160,106440.00,24434.78,0.0550,12,2043.52,22480.00,46.24,0,0,1
530,37079.68,25656.15,22376.23,53443.26,0.00,0,11423.53,3.3160,0.0000,38578.00,41234.57,0.0390,12,3444.93,38760.50,26.93,1,0,0
319,2498.73,4861.61,1424.28,74755.38,36975.41,4,-6508.26,-1.7989,0.6754,41401.00,43351.11,0.0230,12,3618.00,38148.98,38.00,0,1,0
60,12609.47,8533.18,4917.69,30238.45,56076.15,4,334.30,0.1553,1.3777,-18017.00,12911.15,0.0190,6,2153.29,9554.25,10.67,0,1,0
472,30038.75,23661.00,19345.43,160100.12,17601.92,3,4868.90,1.2831,0.2809,113214.00,45395.59,0.0480,12,3794.78,41309.99,18.47,1,0,0
510,23356.23,18160.37,12870.90,68665.24,19710.47,1,5167.60,1.5325,0.0185,50105.00,20217.86,0.0200,6,3372.00,16578.65,20.81,1,0,0
8,11738.12,10055.01,6330.52,90606.10,11697.05,1,867.59,0.5937,0.2035,53187.00,34958.97,0.0260,24,1461.36,31812.66,48.45,1,0,0
208,43329.18,16832.51,13865.34,171588.62,1552.46,1,26263.03,4.7681,0.0393,142899.00,33028.67,0.0170,6,5508.05,29395.52,1.95,1,0,0
250,41737.72,20747.69,14936.92,108929.38,9532.86,1,20391.80,2.7420,0.1589,105551.00,44590.31,0.0200,6,7436.92,40577.18,18.80,1,0,0
18,41684.17,24311.92,19591.56,60657.33,0.00,0,17372.25,21.4005,0.0000,64018.00,29008.47,0.0400,36,811.77,28428.30,50.82,1,0,0
275,9385.78,15736.91,11956.87,56299.54,13412.42,1,-8295.52,-20.5538,0.6337,16056.00,9629.65,0.0470,24,403.60,8185.20,42.74,0,0,1
541,21829.37,17643.99,14972.16,114080.31,0.00,0,4185.38,5.4549,0.0000,68695.00,13791.26,0.0150,18,767.27,11722.57,33.38,1,0,0
569,20062.25,15555.04,10432.37,145982.64,12912.80,1,2430.03,0.3415,0.2443,91780.00,42623.09,0.0440,6,7114.79,34524.70,44.12,1,0,0
102,21856.29,8296.45,5615.85,58305.71,26945.00,1,12670.43,6.4889,0.4310,39146.00,35084.24,0.0190,18,1952.64,29470.76,21.72,1,0,0
601,27752.93,21554.34,18464.30,31033.74,60664.20,4,3645.22,0.8417,1.1075,-5911.00,25969.56,0.0180,6,4330.99,23892.00,26.09,0,1,0
332,28725.50,12915.43,7755.89,149149.24,23459.88,1,15705.43,7.4192,0.0386,130338.00,12682.59,0.0420,6,2116.87,12428.94,10.49,1,0,0
485,46916.64,19586.71,14476.39,83088.06,35610.39,3,25786.52,16.3347,0.2912,74361.00,28254.10,0.0600,18,1578.63,22603.28,22.87,1,0,0
18,21900.60,17516.88,12045.33,175598.24,30493.37,2,3006.72,7.4271,0.2048,123417.00,7245.56,0.0600,18,404.83,6231.18,25.41,1,0,0
509,24905.22,23046.99,17590.27,119970.06,30684.24,2,-342.22,-0.1681,0.5353,38207.00,48552.29,0.0520,24,2036.19,35928.69,6.55,0,1,0
572,18196.35,17529.27,13930.94,37839.88,49589.82,3,-1415.11,-1.0003,0.7025,19428.00,25377.48,0.0360,18,1414.69,23093.51,16.19,0,1,0
504,16120.83,10807.43,6890.99,11174.78,37077.01,3,2771.90,2.6154,2.2368,-26880.00,25293.26,0.0450,24,1059.82,22005.14,31.96,1,0,0
234,830.10,6492.69,2949.29,84509.47,0.00,0,-5662.59,-6.0226,0.0000,89544.00,5633.21,0.0410,6,940.22,5238.89,38.88,0,0,1
569,11501.94,7646.42,3565.60,65994.23,0.00,0,3855.52,0.5900,0.0000,89696.00,39134.96,0.0540,6,6534.83,28177.17,14.61,1,0,0
582,7180.63,9439.91,5080.29,125698.50,0.00,0,-2259.28,-1.4543,0.0000,95479.00,18619.92,0.0180,12,1553.48,18433.72,0.37,1,0,0
122,26783.49,20120.91,16070.09,121412.66,28192.80,1,6451.63,6.5683,0.0284,144368.00,11774.69,0.0160,12,982.24,10361.73,26.45,1,0,0
217,10350.85,13926.96,10160.20,34215.69,61102.79,4,-6195.26,-1.5582,1.9718,-34211.00,47655.37,0.0180,12,3975.93,35264.97,3.55,0,1,0
343,19283.83,15763.95,12007.86,31888.33,25687.80,2,2344.90,4.6527,0.4890,23906.00,18083.53,0.0180,36,503.99,16275.18,46.47,1,0,0
545,39250.36,14699.93,12742.66,69988.60,21244.94,1,23874.53,8.0514,0.3239,47035.00,35539.30,0.0190,12,2965.27,27365.26,21.33,1,0,0
342,37559.71,23173.43,20484.40,121860.06,0.00,0,14386.28,231.3279,0.0000,131775.00,743.64,0.0550,12,62.19,617.22,34.00,1,0,0
615,26190.19,24502.43,21867.76,92432.94,44190.34,2,829.88,0.5332,0.3140,43914.00,37178.32,0.0370,24,1556.27,31229.79,30.66,0,0,1
381,23418.73,11718.01,7525.35,67325.11,0.00,0,11700.72,2.2791,0.0000,66609.00,30756.56,0.0430,6,5133.81,24912.81,13.41,1,0,0
2,27031.51,17959.00,14867.33,40472.38,0.00,0,9072.51,10.2731,0.0000,44508.00,21136.85,0.0220,24,883.13,17332.22,44.31,1,0,0
495,39205.32,27491.56,23799.83,113502.75,8979.96,1,11683.40,4.6137,0.0131,114424.00,45435.15,0.0340,18,2532.34,32258.96,26.91,1,0,0
442,46240.72,28176.96,26197.98,18241.76,43926.23,2,17577.80,11.1267,0.8618,3319.00,18921.72,0.0290,12,1579.78,17218.77,17.83,1,0,0
301,6197.68,8698.41,5010.39,169462.53,18951.05,1,-3497.88,-1.1521,0.1237,100943.00,18195.34,0.0340,6,3036.17,14374.32,19.01,0,0,1
179,8869.00,11967.67,8230.72,74347.40,0.00,0,-3098.67,-0.5946,0.0000,57113.00,31238.89,0.0260,6,5211.22,30926.50,47.74,0,0,1
480,35699.52,23635.79,19579.32,134257.41,34816.97,3,10971.47,1.9676,0.1126,138102.00,33437.39,0.0160,6,5576.02,23740.55,32.96,1,0,0
453,27521.63,28732.11,23821.58,22520.60,69386.17,4,-3272.14,-13.2058,9.2181,-42430.00,8836.50,0.0510,36,247.78,8748.14,6.47,0,1,0
357,4250.66,13945.29,8746.97,57481.76,34775.92,4,-15674.67,-14.4783,2.5695,-47837.00,25921.60,0.0190,24,1082.63,21774.14,44.23,0,1,0
398,21703.06,19839.35,14825.38,128216.59,0.00,0,1863.71,0.9408,0.0000,98596.00,47234.46,0.0520,24,1980.92,44400.39,20.14,1,0,0
387,1209.07,7740.43,2163.91,115380.54,55196.66,4,-10908.36,-1.7751,1.0899,-7599.00,36825.65,0.0350,6,6145.13,27987.49,36.90,0,1,0
114,2737.63,7810.54,2471.60,65727.18,15422.20,2,-5342.41,-5.1080,0.1079,72421.00,18790.47,0.0200,18,1045.90,15032.38,12.70,0,0,1
594,13916.34,17724.16,12236.36,107566.58,0.00,0,-3807.82,-2.7595,0.0000,153221.00,24697.10,0.0600,18,1379.90,18769.80,42.44,0,0,1
3,7309.41,13028.55,10655.98,110029.18,0.00,0,-5719.14,-3.0974,0.0000,26501.00,33103.92,0.0420,18,1846.45,26483.14,29.46,0,0,1
451,41959.87,29227.23,24565.22,157723.91,35348.00,2,11213.04,12.4666,0.0804,217211.00,32047.23,0.0560,36,899.45,31726.76,15.94,1,0,0
16,26661.37,13189.43,9864.71,57661.18,50080.73,3,11901.25,24.9022,0.7304,10088.00,2861.91,0.0560,6,477.92,2146.43,47.79,1,0,0
370,9908.77,8385.14,5520.17,188314.06,21444.77,2,719.20,0.7696,0.1254,104502.00,16725.09,0.0600,18,934.48,14216.33,41.19,0,0,1
341,17269.80,12954.36,10065.23,6165.69,47331.50,3,1319.76,1.2905,6.6904,-44015.00,24424.69,0.0390,24,1022.66,19295.51,17.52,0,0,1
317,1575.96,9092.72,3587.45,35111.31,0.00,0,-7516.76,-9.8138,0.0000,70327.00,27487.31,0.0170,36,765.94,25563.20,31.99,1,0,0
395,20385.84,8164.44,4281.03,119132.75,38176.93,3,10364.82,8.3362,0.3147,101302.00,44398.12,0.0440,36,1243.35,40402.29,1.99,1,0,0
523,25616.03,12842.24,9077.50,5361.99,0.00,0,12773.79,6.8740,0.0000,9210.00,22250.01,0.0340,12,1858.27,20025.01,3.50,1,0,0
483,30551.02,25869.94,21820.72,34657.21,49502.11,3,-526.69,-0.3445,1.7269,-31714.00,27422.85,0.0360,18,1528.71,20292.91,17.19,0,1,0
212,32710.84,25583.43,20228.15,62697.09,39908.31,3,1768.65,0.4306,1.1448,-9882.00,49166.91,0.0390,12,4107.64,44741.89,25.94,0,1,0
369,40982.47,24135.62,21485.97,66986.32,19813.10,1,15936.15,6.3359,0.2695,35268.00,30149.37,0.0170,12,2515.22,28641.90,49.59,1,0,0
127,9015.04,9066.09,6895.50,158054.09,24926.80,1,-319.08,-0.2035,0.0208,180155.00,37548.73,0.0170,24,1567.86,33793.86,38.16,0,0,1
467,34074.46,26821.68,23025.66,50793.33,61557.52,3,5254.56,1.1334,0.6131,26055.00,27798.13,0.0180,6,4635.94,25296.30,13.09,0,0,1
299,35935.48,14180.85,8776.25,103509.15,0.00,0,21754.63,18.0951,0.0000,149025.00,43096.85,0.0230,36,1202.24,33184.57,37.79,1,0,0
504,8445.87,6043.76,4557.61,146402.16,16029.55,1,1473.06,0.7037,0.1426,111760.00,37485.97,0.0540,18,2093.25,28864.20,29.47,1,0,0
118,28330.90,11956.04,6799.42,152996.36,61732.23,3,13683.03,46.2311,0.2652,123951.00,10615.55,0.0200,36,295.97,7430.89,11.06,1,0,0
96,32356.40,27955.00,23836.54,68565.47,35279.80,3,3075.50,1.5361,0.3418,76066.00,23993.38,0.0210,12,2002.18,22793.71,31.39,1,0,0
232,22510.23,21293.53,17499.68,14496.59,35052.10,2,-669.53,-0.3659,1.6722,-12538.00,43696.68,0.0390,24,1829.58,37579.14,6.22,0,1,0
358,12274.64,7927.13,3682.39,27413.95,2724.14,1,4265.11,2.7826,0.0242,41591.00,27480.31,0.0420,18,1532.78,25281.89,10.97,1,0,0
550,28455.92,22053.60,16219.87,128649.22,46994.34,3,4746.39,4.2395,0.2729,119070.00,40044.55,0.0350,36,1119.57,37641.88,32.15,1,0,0
529,2986.97,5399.89,2094.44,26582.46,39711.09,2,-3856.47,-0.7812,0.5970,17484.00,29573.25,0.0430,6,4936.30,27503.12,33.30,0,0,1
199,35821.06,20304.72,16227.94,110304.41,14014.44,1,14945.92,29.4745,0.2544,83570.00,3037.93,0.0430,6,507.08,2430.34,5.93,1,0,0
495,48834.32,26144.82,22652.32,27201.68,0.00,0,22689.50,57.9375,0.0000,22267.00,14038.48,0.0230,36,391.62,11792.32,10.84,1,0,0
579,40983.77,18075.64,13524.64,32660.49,49825.05,4,20143.81,10.3289,3.3448,-45687.00,46671.26,0.0230,24,1950.23,39670.57,44.27,0,0,1
437,18063.68,11895.57,8878.98,31939.83,0.00,0,6168.11,21.0609,0.0000,89251.00,10450.20,0.0480,36,292.87,10450.20,20.81,1,0,0
581,20781.35,20269.27,15738.79,32048.60,61561.12,4,-1764.90,-0.6051,2.6053,-25046.00,17481.74,0.0280,6,2916.48,12936.49,34.58,0,1,0
373,23989.55,16126.27,11299.17,18275.13,28150.20,2,7464.28,25.7638,0.4782,16671.00,10343.50,0.0450,36,289.72,8378.24,41.89,1,0,0
193,13976.37,9271.06,3214.57,35812.32,54024.75,3,2393.36,1.4907,0.4422,70297.00,28801.42,0.0360,18,1605.56,20160.99,48.07,1,0,0
11,17136.31,10627.01,7492.72,65255.02,44565.82,4,3352.21,3.5840,0.8656,9182.00,16788.12,0.0300,18,935.33,14269.90,6.61,1,0,0
612,30165.06,26228.04,22062.70,140440.78,57324.67,4,624.67,0.1009,0.4148,83125.00,37102.61,0.0300,6,6190.26,33763.38,0.06,0,0,1
283,25016.86,14335.12,11007.42,39717.91,25039.52,2,9888.22,18.3489,0.7470,8115.00,19208.03,0.0540,36,538.90,17863.47,3.61,1,0,0
124,7373.44,8737.30,2949.38,19703.89,45480.12,4,-6133.94,-11.2220,4.3424,-47195.00,19518.41,0.0440,36,546.60,14248.44,15.18,0,1,0
114,6617.21,5347.45,2249.85,117041.39,0.00,0,1269.76,0.6192,0.0000,105003.00,48876.09,0.0550,24,2050.53,46921.05,23.10,0,0,1
289,8938.24,11801.98,7617.67,143591.96,60286.90,4,-5168.09,-7.3431,0.3682,86738.00,25266.79,0.0150,36,703.80,19960.76,43.32,0,0,1
482,5821.37,8806.62,6206.05,170319.00,41902.15,3,-5530.45,-2.6266,0.7073,25944.00,37821.36,0.0220,18,2105.58,34417.44,15.52,0,1,0
447,28372.01,24116.87,20656.07,55310.92,0.00,0,4255.14,1.7234,0.0000,31410.00,14792.86,0.0420,6,2469.10,12869.79,29.73,1,0,0
336,49989.09,33425.91,29763.10,115125.42,14536.98,1,16493.98,17.5067,0.0155,88195.00,22476.42,0.0480,24,942.15,18205.90,31.52,1,0,0
194,42190.22,31409.33,26347.08,100430.05,19811.60,2,8478.52,13.1585,0.2243,113761.00,23127.62,0.0160,36,644.34,18270.82,42.90,1,0,0
185,49302.37,33482.51,30666.74,192548.80,81007.82,4,14878.61,5.6511,0.1402,156431.00,15774.50,0.0410,6,2632.86,13723.82,2.20,1,0,0
472,16497.50,13535.63,9400.19,34575.72,0.00,0,2961.87,0.7385,0.0000,47651.00,47988.63,0.0440,12,4010.50,46069.08,49.69,1,0,0
113,8663.25,8301.07,5712.55,50435.99,37821.88,2,-342.28,-0.3708,0.2352,44440.00,32963.44,0.0440,36,923.12,30985.63,46.63,1,0,0
135,30613.91,27211.64,21712.74,62005.26,0.00,0,3402.27,0.5718,0.0000,44967.00,35632.75,0.0520,6,5949.60,32069.48,38.66,0,0,1
201,35557.43,29135.18,27298.04,125825.54,47547.53,3,3065.08,1.1779,0.6267,28161.00,46737.57,0.0230,18,2602.21,32716.30,20.24,0,0,1
607,2547.56,12565.33,8811.92,87252.27,57708.11,3,-12277.42,-16.6410,0.6393,34370.00,26486.61,0.0150,36,737.78,22248.75,8.43,0,1,0
494,3974.47,12116.72,9726.94,78001.57,40491.16,3,-10047.61,-8.4946,0.4595,46521.00,21214.11,0.0380,18,1182.82,15910.58,6.89,1,0,0
257,19690.03,18642.64,13891.22,46564.82,0.00,0,1047.39,0.1830,0.0000,34568.00,34284.27,0.0510,6,5724.25,29141.63,48.90,1,0,0
196,24674.73,19079.65,15980.80,30057.55,20942.83,2,3472.81,2.2062,2.0308,-23402.00,37603.79,0.0370,24,1574.08,35347.56,21.68,0,0,1
33,8555.04,9466.49,5205.70,83305.67,24801.47,2,-1382.89,-0.6605,0.0797,76608.00,37584.97,0.0280,18,2093.61,33074.77,8.18,0,0,1
400,42520.98,20792.06,17459.61,75691.02,0.00,0,21728.92,28.1324,0.0000,38506.00,18447.12,0.0390,24,772.38,15864.52,31.01,1,0,0
328,31466.35,25257.95,23006.73,146663.17,26696.91,1,6082.20,38.9660,0.0158,157315.00,3731.65,0.0310,24,156.09,2836.05,28.11,1,0,0
613,29972.46,13707.62,10141.26,158088.03,32180.82,2,14721.28,18.2210,0.2286,118264.00,28860.69,0.0420,36,807.93,21356.91,46.49,1,0,0
598,1720.60,6553.03,2060.23,146659.22,34390.66,4,-11036.58,-14.7932,0.6588,42099.00,13361.78,0.0530,18,746.06,11491.13,45.28,0,0,1
122,48825.47,33116.95,30731.16,24398.34,0.00,0,15708.52,11.3907,0.0000,31064.00,49362.83,0.0310,36,1379.07,46894.69,21.07,1,0,0
364,10525.50,8391.86,5373.96,24558.05,29140.42,2,1793.26,4.8039,2.0742,-8814.00,6694.34,0.0390,18,373.29,5824.08,45.25,0,1,0
599,49280.58,18373.13,15732.11,76881.06,36233.42,4,27805.01,29.7208,2.5963,-43171.00,33567.38,0.0180,36,935.54,29874.97,11.13,0,0,1
156,45417.33,25135.17,20891.97,88327.33,87880.27,4,17274.82,11.8012,2.1486,-43535.00,26291.21,0.0230,18,1463.82,19981.32,34.31,0,0,1
168,44881.44,23570.98,20645.46,10449.09,52098.56,4,18421.31,9.9050,5.4898,-45706.00,44346.47,0.0520,24,1859.80,37694.50,1.73,1,0,0
570,5201.13,4172.33,1664.36,69675.47,32041.22,2,-59.50,-0.0193,0.1789,99881.00,37034.99,0.0230,12,3090.87,27035.54,3.29,1,0,0
364,8071.19,10236.91,6132.87,136310.81,0.00,0,-2165.72,-0.3066,0.0000,146601.00,42338.06,0.0280,6,7063.26,31753.55,7.61,1,0,0
26,23981.00,17018.47,14795.51,182094.20,3365.10,1,6579.73,104.7227,0.1039,165031.00,1505.14,0.0150,24,62.83,1399.78,13.29,1,0,0
595,28646.69,16613.56,12630.60,55514.35,34456.97,2,11586.95,7.9832,0.5126,21215.00,34638.75,0.0450,24,1451.41,31867.65,15.42,1,0,0
277,40807.51,10692.26,9385.73,193269.43,21938.42,2,28842.77,23.0912,0.1205,160131.00,22404.63,0.0370,18,1249.08,20388.21,10.93,1,0,0
78,22538.54,14343.73,10516.02,83218.84,68424.33,4,5215.62,1.5359,1.4502,-19962.00,20347.39,0.0390,6,3395.86,17498.76,38.80,0,0,1
38,39283.42,21015.48,15534.23,105483.36,40794.01,2,17118.74,3.8317,0.2607,81469.00,26773.28,0.0350,6,4467.68,21418.62,38.25,1,0,0
278,30635.02,24938.57,19161.26,17980.73,62618.81,4,1037.13,0.4380,17.2345,-86530.00,28382.53,0.0170,12,2367.83,25828.10,25.70,0,1,0
487,23740.50,19153.84,16339.17,137057.84,54431.37,3,514.70,0.2163,0.3747,122889.00,42593.42,0.0580,18,2379.36,34926.60,49.16,1,0,0
360,15407.21,14096.15,8967.09,11533.63,84419.93,4,-505.18,-1.6497,3.9259,-21602.00,10908.83,0.0570,36,306.23,10908.83,27.27,0,1,0
88,12294.14,7318.25,3196.48,118366.92,12550.92,1,4378.72,2.0498,0.0493,164597.00,38353.47,0.0270,18,2136.22,34901.66,13.64,1,0,0
153,37704.45,22547.51,18596.75,123982.38,63778.77,4,12645.52,7.1237,0.4547,66766.00,42454.42,0.0280,24,1775.13,30142.64,19.53,1,0,0
323,8108.45,11116.89,6290.05,194755.30,7777.36,2,-3465.12,-15.5025,0.0599,132851.00,8003.87,0.0290,36,223.52,8003.87,46.19,0,0,1
457,2454.26,2330.51,809.91,76116.55,41828.34,2,-2432.37,-1.3406,0.2701,128053.00,32596.90,0.0200,18,1814.38,25751.55,41.97,1,0,0
394,5807.24,8215.07,3873.76,63656.26,31401.39,2,-3432.51,-1.2610,0.1880,120187.00,48729.72,0.0580,18,2722.15,46780.53,12.47,1,0,0
327,36923.92,16610.94,13062.74,55557.15,38882.19,3,19278.60,499.9637,0.2081,118788.00,691.44,0.0390,18,38.56,490.92,10.03,1,0,0
156,10499.66,16281.49,12134.00,137384.57,48383.20,3,-7780.21,-4.3957,0.3439,104366.00,31705.44,0.0510,18,1769.96,29803.11,26.59,0,1,0
146,15282.14,9501.18,4279.00,41939.13,0.00,0,5780.96,1.5889,0.0000,124474.00,43506.10,0.0540,12,3638.25,39590.55,24.62,1,0,0
261,32150.50,25900.55,21545.02,104822.39,64520.89,3,4388.92,3.8837,0.2536,98044.00,40390.79,0.0390,36,1130.08,36755.62,15.13,1,0,0
334,34012.39,19693.32,15645.70,138372.52,30736.40,2,13219.93,135.0350,0.4110,35222.00,1753.05,0.0550,18,97.90,1647.87,47.55,1,0,0
286,43007.78,25353.79,20380.99,85301.94,19451.97,2,15905.81,8.9338,0.5363,42763.00,21331.62,0.0240,12,1780.41,17278.61,26.20,1,0,0
62,31843.85,18144.60,13374.42,62658.13,34380.99,4,7963.73,15.2259,2.1010,-37570.00,9396.91,0.0200,18,523.04,7705.47,33.34,0,0,1
209,11046.92,6912.96,2319.85,11706.59,67259.74,3,450.59,0.5408,0.7629,18087.00,29681.60,0.0570,36,833.21,22261.20,16.30,0,1,0
